,weight_class
0,Heavyweight
1,Bantamweight
2,Flyweight
3,Lightweight
4,Lightweight
5,Light Heavyweight
7,Featherweight
8,Lightweight
9,Lightweight
11,Middleweight
13,Middleweight
15,Light Heavyweight
16,Catch Weight
17,Flyweight
18,Welterweight
19,Welterweight
20,Light Heavyweight
22,Flyweight
23,Featherweight
24,Middleweight
25,Bantamweight
26,Flyweight
27,Middleweight
28,Flyweight
29,Lightweight
30,Bantamweight
32,Featherweight
33,Welterweight
34,Welterweight
35,Middleweight
36,Middleweight
38,Heavyweight
39,Welterweight
41,Featherweight
42,Welterweight
43,Bantamweight
44,Welterweight
45,Bantamweight
46,Heavyweight
47,Welterweight
49,Catch Weight
51,Middleweight
52,Flyweight
53,Catch Weight
54,Lightweight
56,Middleweight
57,Heavyweight
58,Featherweight
59,Lightweight
60,Featherweight
62,Featherweight
63,Middleweight
64,Light Heavyweight
65,Lightweight
66,Light Heavyweight
67,Bantamweight
68,Lightweight
69,Featherweight
70,Heavyweight
71,Light Heavyweight
72,Welterweight
73,Heavyweight
74,Featherweight
76,Featherweight
77,Bantamweight
79,Flyweight
80,Catch Weight
81,Flyweight
83,Welterweight
85,Light Heavyweight
86,Flyweight
87,Middleweight
89,Welterweight
90,Welterweight
91,Middleweight
92,Welterweight
93,Lightweight
94,Welterweight
96,Catch Weight
98,Welterweight
100,Bantamweight
101,Heavyweight
102,Light Heavyweight
103,Heavyweight
104,Bantamweight
106,Middleweight
107,Featherweight
108,Heavyweight
109,Featherweight
110,Welterweight
111,Bantamweight
112,Middleweight
113,Featherweight
114,Heavyweight
115,Middleweight
116,Lightweight
117,Lightweight
118,Bantamweight
119,Middleweight
120,Welterweight
121,Light Heavyweight
122,Bantamweight
123,Lightweight
124,Middleweight
125,Heavyweight
126,Middleweight
128,Light Heavyweight
129,Heavyweight
130,Catch Weight
131,Welterweight
133,Lightweight
134,Featherweight
136,Light Heavyweight
137,Welterweight
138,Featherweight
139,Lightweight
141,Middleweight
142,Lightweight
143,Light Heavyweight
144,Bantamweight
145,Bantamweight
146,Featherweight
147,Heavyweight
148,Middleweight
149,Heavyweight
150,Featherweight
151,Middleweight
152,Heavyweight
153,Middleweight
154,Bantamweight
155,Featherweight
157,Flyweight
159,Heavyweight
161,Bantamweight
162,Middleweight
163,Welterweight
164,Middleweight
166,Bantamweight
167,Lightweight
168,Middleweight
169,Light Heavyweight
170,Flyweight
172,Featherweight
173,Lightweight
174,Welterweight
175,Featherweight
176,Light Heavyweight
177,Heavyweight
178,Light Heavyweight
179,Welterweight
180,Middleweight
181,Light Heavyweight
183,Middleweight
184,Flyweight
185,Featherweight
188,Featherweight
189,Bantamweight
190,Bantamweight
191,Bantamweight
193,Lightweight
195,Light Heavyweight
196,Featherweight
198,Lightweight
199,Heavyweight
200,Lightweight
201,Catch Weight
202,Welterweight
204,Heavyweight
205,Light Heavyweight
206,Welterweight
207,Featherweight
208,Middleweight
210,Bantamweight
211,Light Heavyweight
212,Welterweight
214,Featherweight
215,Middleweight
217,Middleweight
218,Featherweight
220,Welterweight
221,Bantamweight
222,Light Heavyweight
224,Welterweight
226,Lightweight
227,Light Heavyweight
228,Welterweight
229,Catch Weight
230,Heavyweight
231,Bantamweight
232,Heavyweight
233,Bantamweight
234,Lightweight
237,Featherweight
238,Featherweight
239,Heavyweight
240,Heavyweight
241,Middleweight
242,Middleweight
244,Lightweight
245,Welterweight
246,Middleweight
247,Lightweight
248,Middleweight
249,Featherweight
250,Featherweight
251,Bantamweight
252,Middleweight
254,Welterweight
255,Lightweight
256,Bantamweight
257,Featherweight
258,Featherweight
259,Middleweight
260,Light Heavyweight
261,Heavyweight
263,Light Heavyweight
264,Welterweight
265,Welterweight
266,Lightweight
267,Welterweight
268,Heavyweight
269,Featherweight
270,Heavyweight
272,Welterweight
273,Bantamweight
274,Flyweight
275,Middleweight
276,Lightweight
278,Flyweight
279,Light Heavyweight
280,Catch Weight
281,Lightweight
282,Bantamweight
283,Flyweight
284,Lightweight
285,Heavyweight
286,Featherweight
287,Flyweight
288,Featherweight
290,Welterweight
291,Middleweight
292,Featherweight
293,Light Heavyweight
294,Featherweight
296,Bantamweight
297,Welterweight
298,Featherweight
299,Bantamweight
302,Light Heavyweight
303,Welterweight
304,Featherweight
305,Lightweight
306,Heavyweight
307,Flyweight
309,Bantamweight
310,Lightweight
311,Welterweight
312,Middleweight
313,Heavyweight
314,Lightweight
316,Heavyweight
317,Catch Weight
318,Welterweight
320,Featherweight
321,Heavyweight
322,Featherweight
324,Welterweight
325,Catch Weight
326,Lightweight
328,Middleweight
330,Lightweight
332,Lightweight
334,Middleweight
335,Lightweight
336,Featherweight
337,Bantamweight
339,Catch Weight
341,Bantamweight
342,Welterweight
344,Bantamweight
345,Bantamweight
346,Welterweight
347,Bantamweight
348,Featherweight
349,Middleweight
350,Featherweight
351,Middleweight
352,Flyweight
353,Light Heavyweight
354,Catch Weight
355,Welterweight
356,Heavyweight
357,Catch Weight
358,Lightweight
361,Welterweight
362,Light Heavyweight
363,Flyweight
364,Bantamweight
365,Featherweight
366,Heavyweight
368,Featherweight
369,Middleweight
370,Featherweight
371,Welterweight
372,Middleweight
373,Featherweight
374,Featherweight
376,Heavyweight
377,Light Heavyweight
378,Heavyweight
379,Lightweight
380,Bantamweight
381,Heavyweight
382,Lightweight
384,Lightweight
385,Featherweight
386,Heavyweight
387,Welterweight
388,Featherweight
389,Light Heavyweight
390,Welterweight
391,Heavyweight
393,Middleweight
394,Lightweight
395,Bantamweight
396,Heavyweight
397,Featherweight
398,Heavyweight
399,Lightweight
400,Welterweight
401,Lightweight
402,Light Heavyweight
403,Lightweight
404,Flyweight
406,Welterweight
408,Flyweight
410,Middleweight
412,Lightweight
413,Welterweight
414,Welterweight
415,Bantamweight
416,Lightweight
417,Middleweight
418,Middleweight
419,Featherweight
420,Bantamweight
421,Flyweight
423,Light Heavyweight
425,Featherweight
426,Bantamweight
427,Middleweight
428,Lightweight
429,Heavyweight
430,Featherweight
431,Featherweight
432,Welterweight
433,Lightweight
434,Light Heavyweight
436,Heavyweight
437,Lightweight
438,Featherweight
439,Lightweight
440,Welterweight
441,Welterweight
442,Flyweight
445,Heavyweight
446,Flyweight
447,Welterweight
448,Lightweight
449,Lightweight
450,Light Heavyweight
451,Bantamweight
452,Light Heavyweight
453,Lightweight
454,Light Heavyweight
456,Heavyweight
457,Featherweight
458,Welterweight
459,Bantamweight
461,Middleweight
462,Featherweight
464,Lightweight
465,Heavyweight
467,Middleweight
468,Light Heavyweight
470,Welterweight
471,Light Heavyweight
472,Welterweight
473,Featherweight
474,Bantamweight
476,Bantamweight
477,Middleweight
478,Welterweight
480,Light Heavyweight
481,Welterweight
483,Lightweight
484,Flyweight
485,Lightweight
486,Welterweight
487,Bantamweight
488,Lightweight
489,Light Heavyweight
490,Bantamweight
492,Flyweight
494,Bantamweight
495,Featherweight
496,Middleweight
497,Middleweight
498,Featherweight
500,Featherweight
501,Bantamweight
503,Bantamweight
504,Welterweight
505,Heavyweight
506,Heavyweight
507,Lightweight
508,Lightweight
509,Heavyweight
510,Featherweight
512,Light Heavyweight
514,Bantamweight
515,Bantamweight
516,Bantamweight
517,Featherweight
519,Welterweight
520,Lightweight
521,Middleweight
523,Featherweight
524,Featherweight
525,Flyweight
527,Welterweight
528,Welterweight
529,Lightweight
530,Lightweight
531,Middleweight
532,Lightweight
533,Light Heavyweight
534,Welterweight
536,Flyweight
538,Welterweight
540,Light Heavyweight
542,Heavyweight
543,Featherweight
544,Heavyweight
545,Middleweight
546,Welterweight
548,Bantamweight
549,Bantamweight
550,Bantamweight
551,Featherweight
553,Welterweight
554,Featherweight
555,Light Heavyweight
556,Middleweight
557,Featherweight
558,Welterweight
559,Heavyweight
561,Flyweight
562,Bantamweight
563,Lightweight
565,Heavyweight
566,Welterweight
567,Middleweight
568,Featherweight
569,Middleweight
570,Lightweight
571,Bantamweight
572,Lightweight
573,Catch Weight
575,Bantamweight
578,Welterweight
579,Flyweight
580,Welterweight
582,Middleweight
583,Bantamweight
584,Light Heavyweight
585,Lightweight
586,Bantamweight
588,Lightweight
589,Lightweight
590,Lightweight
591,Heavyweight
592,Lightweight
595,Lightweight
596,Welterweight
597,Welterweight
598,Middleweight
599,Lightweight
600,Lightweight
601,Light Heavyweight
602,Welterweight
603,Middleweight
604,Light Heavyweight
605,Heavyweight
606,Bantamweight
607,Bantamweight
608,Featherweight
609,Bantamweight
610,Lightweight
613,Featherweight
614,Bantamweight
615,Featherweight
617,Flyweight
618,Light Heavyweight
620,Lightweight
621,Middleweight
622,Lightweight
623,Welterweight
624,Light Heavyweight
625,Light Heavyweight
626,Welterweight
627,Middleweight
628,Middleweight
629,Welterweight
630,Featherweight
632,Lightweight
633,Bantamweight
634,Middleweight
635,Lightweight
636,Heavyweight
637,Welterweight
638,Heavyweight
639,Welterweight
640,Welterweight
641,Lightweight
644,Bantamweight
645,Heavyweight
646,Welterweight
647,Flyweight
649,Light Heavyweight
650,Middleweight
651,Featherweight
653,Bantamweight
655,Bantamweight
656,Featherweight
658,Featherweight
659,Welterweight
661,Lightweight
662,Middleweight
663,Light Heavyweight
664,Lightweight
665,Welterweight
666,Flyweight
667,Bantamweight
668,Welterweight
669,Middleweight
671,Featherweight
672,Light Heavyweight
673,Lightweight
675,Middleweight
676,Featherweight
678,Featherweight
679,Bantamweight
680,Welterweight
681,Middleweight
682,Heavyweight
683,Welterweight
684,Lightweight
685,Lightweight
686,Heavyweight
687,Welterweight
689,Lightweight
690,Featherweight
691,Heavyweight
693,Heavyweight
694,Welterweight
696,Heavyweight
697,Lightweight
699,Featherweight
700,Lightweight
701,Light Heavyweight
702,Flyweight
703,Bantamweight
705,Welterweight
706,Middleweight
707,Welterweight
708,Heavyweight
709,Lightweight
710,Light Heavyweight
711,Featherweight
712,Middleweight
713,Heavyweight
715,Welterweight
716,Featherweight
717,Featherweight
718,Heavyweight
719,Welterweight
720,Light Heavyweight
721,Welterweight
722,Light Heavyweight
723,Light Heavyweight
724,Welterweight
725,Middleweight
726,Welterweight
727,Lightweight
729,Bantamweight
730,Light Heavyweight
731,Lightweight
732,Middleweight
733,Middleweight
734,Welterweight
735,Featherweight
736,Lightweight
737,Welterweight
738,Featherweight
741,Featherweight
742,Light Heavyweight
743,Featherweight
744,Light Heavyweight
745,Middleweight
746,Bantamweight
747,Heavyweight
748,Featherweight
749,Lightweight
750,Flyweight
751,Bantamweight
753,Bantamweight
754,Welterweight
755,Featherweight
757,Bantamweight
758,Bantamweight
759,Welterweight
761,Middleweight
762,Welterweight
763,Featherweight
764,Flyweight
766,Middleweight
767,Heavyweight
768,Heavyweight
770,Bantamweight
771,Welterweight
772,Featherweight
773,Featherweight
774,Lightweight
776,Light Heavyweight
777,Bantamweight
779,Lightweight
780,Bantamweight
781,Heavyweight
783,Bantamweight
785,Featherweight
787,Middleweight
788,Bantamweight
790,Light Heavyweight
791,Light Heavyweight
792,Featherweight
793,Lightweight
794,Featherweight
795,Welterweight
797,Lightweight
798,Lightweight
800,Light Heavyweight
801,Lightweight
802,Welterweight
803,Middleweight
805,Welterweight
806,Lightweight
807,Lightweight
809,Lightweight
810,Welterweight
811,Featherweight
812,Light Heavyweight
813,Middleweight
814,Featherweight
816,Middleweight
817,Featherweight
818,Welterweight
820,Light Heavyweight
821,Lightweight
822,Welterweight
823,Lightweight
825,Bantamweight
827,Lightweight
828,Middleweight
829,Featherweight
830,Bantamweight
831,Heavyweight
832,Middleweight
834,Bantamweight
835,Welterweight
836,Featherweight
837,Heavyweight
838,Bantamweight
839,Middleweight
840,Heavyweight
841,Welterweight
842,Light Heavyweight
843,Bantamweight
844,Lightweight
845,Welterweight
846,Heavyweight
848,Lightweight
849,Lightweight
851,Welterweight
852,Heavyweight
853,Lightweight
854,Heavyweight
856,Middleweight
857,Featherweight
858,Welterweight
859,Lightweight
860,Heavyweight
861,Light Heavyweight
862,Lightweight
863,Lightweight
864,Middleweight
865,Light Heavyweight
866,Welterweight
867,Light Heavyweight
868,Lightweight
869,Flyweight
870,Welterweight
871,Bantamweight
872,Welterweight
873,Bantamweight
875,Bantamweight
876,Lightweight
877,Middleweight
878,Featherweight
880,Light Heavyweight
881,Featherweight
883,Lightweight
884,Featherweight
885,Middleweight
886,Bantamweight
888,Bantamweight
889,Welterweight
890,Heavyweight
891,Lightweight
892,Flyweight
893,Featherweight
895,Featherweight
896,Bantamweight
899,Bantamweight
900,Flyweight
901,Welterweight
902,Welterweight
903,Light Heavyweight
904,Bantamweight
905,Welterweight
906,Middleweight
907,Featherweight
908,Lightweight
909,Light Heavyweight
910,Featherweight
912,Featherweight
913,Heavyweight
914,Welterweight
915,Welterweight
916,Heavyweight
917,Lightweight
918,Middleweight
919,Welterweight
921,Featherweight
922,Heavyweight
923,Bantamweight
924,Welterweight
925,Lightweight
926,Light Heavyweight
927,Welterweight
928,Welterweight
930,Bantamweight
931,Featherweight
932,Light Heavyweight
933,Bantamweight
934,Welterweight
935,Middleweight
938,Light Heavyweight
939,Heavyweight
940,Light Heavyweight
942,Bantamweight
943,Light Heavyweight
944,Welterweight
945,Featherweight
947,Lightweight
948,Welterweight
949,Lightweight
950,Lightweight
951,Heavyweight
952,Lightweight
954,Featherweight
955,Welterweight
956,Featherweight
957,Bantamweight
958,Bantamweight
960,Lightweight
961,Bantamweight
963,Middleweight
964,Lightweight
965,Bantamweight
967,Light Heavyweight
968,Lightweight
969,Featherweight
970,Flyweight
971,Bantamweight
972,Lightweight
973,Bantamweight
974,Bantamweight
975,Featherweight
976,Welterweight
977,Lightweight
978,Light Heavyweight
980,Middleweight
982,Welterweight
983,Heavyweight
984,Featherweight
985,Bantamweight
986,Flyweight
987,Flyweight
988,Heavyweight
989,Lightweight
990,Flyweight
992,Light Heavyweight
993,Lightweight
995,Light Heavyweight
996,Bantamweight
997,Lightweight
998,Welterweight
999,Welterweight
1000,Light Heavyweight
1002,Welterweight
1003,Light Heavyweight
1004,Featherweight
1006,Bantamweight
1007,Lightweight
1008,Bantamweight
1009,Middleweight
1010,Welterweight
1011,Bantamweight
1012,Lightweight
1013,Lightweight
1014,Bantamweight
1015,Lightweight
1016,Welterweight
1017,Lightweight
1018,Lightweight
1019,Middleweight
1020,Middleweight
1021,Featherweight
1022,Light Heavyweight
1023,Heavyweight
1024,Featherweight
1026,Welterweight
1027,Featherweight
1028,Light Heavyweight
1030,Lightweight
1032,Middleweight
1033,Bantamweight
1034,Welterweight
1035,Lightweight
1036,Light Heavyweight
1037,Heavyweight
1038,Light Heavyweight
1039,Heavyweight
1040,Welterweight
1041,Featherweight
1042,Light Heavyweight
1043,Welterweight
1044,Flyweight
1045,Welterweight
1046,Flyweight
1047,Lightweight
1048,Lightweight
1049,Welterweight
1050,Heavyweight
1052,Bantamweight
1053,Middleweight
1055,Featherweight
1056,Flyweight
1057,Heavyweight
1059,Lightweight
1060,Welterweight
1061,Bantamweight
1062,Heavyweight
1063,Heavyweight
1064,Bantamweight
1065,Welterweight
1066,Welterweight
1068,Light Heavyweight
1070,Bantamweight
1072,Middleweight
1073,Bantamweight
1074,Welterweight
1075,Featherweight
1076,Light Heavyweight
1077,Middleweight
1078,Bantamweight
1080,Welterweight
1081,Flyweight
1082,Featherweight
1083,Welterweight
1084,Lightweight
1085,Featherweight
1086,Featherweight
1087,Welterweight
1089,Lightweight
1091,Lightweight
1093,Featherweight
1094,Lightweight
1095,Lightweight
1096,Flyweight
1097,Bantamweight
1098,Heavyweight
1099,Middleweight
1100,Middleweight
1101,Middleweight
1102,Middleweight
1103,Featherweight
1105,Featherweight
1106,Welterweight
1107,Featherweight
1108,Heavyweight
1109,Light Heavyweight
1110,Featherweight
1111,Light Heavyweight
1112,Bantamweight
1113,Light Heavyweight
1114,Welterweight
1115,Welterweight
1116,Lightweight
1117,Featherweight
1119,Lightweight
1120,Heavyweight
1121,Lightweight
1122,Lightweight
1123,Lightweight
1124,Light Heavyweight
1125,Heavyweight
1127,Flyweight
1128,Welterweight
1130,Lightweight
1132,Lightweight
1133,Welterweight
1134,Light Heavyweight
1135,Welterweight
1136,Light Heavyweight
1137,Bantamweight
1138,Lightweight
1139,Lightweight
1140,Light Heavyweight
1141,Heavyweight
1142,Welterweight
1144,Middleweight
1145,Welterweight
1147,Heavyweight
1148,Light Heavyweight
1149,Heavyweight
1150,Welterweight
1151,Middleweight
1152,Bantamweight
1153,Lightweight
1154,Lightweight
1155,Light Heavyweight
1156,Middleweight
1157,Welterweight
1158,Bantamweight
1159,Welterweight
1161,Featherweight
1162,Bantamweight
1163,Welterweight
1165,Bantamweight
1166,Welterweight
1167,Middleweight
1168,Welterweight
1169,Lightweight
1171,Flyweight
1172,Lightweight
1173,Featherweight
1175,Welterweight
1176,Flyweight
1177,Middleweight
1178,Welterweight
1179,Bantamweight
1180,Middleweight
1181,Welterweight
1183,Lightweight
1184,Bantamweight
1185,Bantamweight
1186,Flyweight
1187,Featherweight
1189,Middleweight
1190,Bantamweight
1191,Bantamweight
1192,Bantamweight
1193,Featherweight
1194,Flyweight
1196,Bantamweight
1197,Lightweight
1198,Featherweight
1200,Lightweight
1201,Welterweight
1202,Featherweight
1203,Lightweight
1204,Light Heavyweight
1205,Lightweight
1207,Flyweight
1209,Lightweight
1210,Light Heavyweight
1211,Light Heavyweight
1212,Middleweight
1213,Heavyweight
1214,Welterweight
1215,Lightweight
1216,Lightweight
1217,Welterweight
1218,Featherweight
1219,Light Heavyweight
1220,Bantamweight
1221,Light Heavyweight
1222,Bantamweight
1223,Heavyweight
1224,Welterweight
1225,Featherweight
1226,Welterweight
1227,Featherweight
1229,Bantamweight
1230,Featherweight
1231,Flyweight
1232,Featherweight
1234,Flyweight
1236,Heavyweight
1237,Heavyweight
1238,Welterweight
1239,Lightweight
1240,Light Heavyweight
1241,Middleweight
1242,Bantamweight
1243,Lightweight
1244,Welterweight
1245,Lightweight
1247,Middleweight
1248,Lightweight
1249,Featherweight
1250,Featherweight
1252,Middleweight
1254,Lightweight
1255,Lightweight
1256,Featherweight
1257,Featherweight
1258,Middleweight
1259,Welterweight
1260,Light Heavyweight
1262,Welterweight
1263,Bantamweight
1264,Bantamweight
1265,Featherweight
1266,Welterweight
1267,Welterweight
1269,Flyweight
1270,Flyweight
1272,Middleweight
1273,Welterweight
1275,Heavyweight
1276,Welterweight
1277,Heavyweight
1279,Featherweight
1280,Heavyweight
1281,Light Heavyweight
1282,Flyweight
1283,Lightweight
1284,Featherweight
1285,Bantamweight
1286,Lightweight
1287,Heavyweight
1288,Welterweight
1289,Featherweight
1290,Light Heavyweight
1292,Lightweight
1293,Welterweight
1294,Lightweight
1295,Bantamweight
1296,Flyweight
1297,Welterweight
1298,Welterweight
1299,Featherweight
1300,Featherweight
1301,Welterweight
1302,Middleweight
1303,Middleweight
1305,Welterweight
1307,Middleweight
1308,Welterweight
1310,Light Heavyweight
1311,Bantamweight
1313,Welterweight
1314,Welterweight
1315,Flyweight
1317,Featherweight
1318,Featherweight
1319,Bantamweight
1320,Lightweight
1322,Middleweight
1324,Bantamweight
1325,Middleweight
1326,Middleweight
1327,Heavyweight
1328,Lightweight
1329,Welterweight
1330,Welterweight
1331,Middleweight
1332,Welterweight
1333,Middleweight
1334,Lightweight
1335,Featherweight
1336,Heavyweight
1337,Middleweight
1338,Bantamweight
1339,Lightweight
1340,Welterweight
1341,Bantamweight
1342,Welterweight
1343,Light Heavyweight
1344,Welterweight
1345,Lightweight
1346,Welterweight
1347,Middleweight
1349,Middleweight
1350,Welterweight
1351,Flyweight
1352,Middleweight
1353,Lightweight
1355,Welterweight
1356,Heavyweight
1357,Bantamweight
1358,Bantamweight
1359,Lightweight
1361,Featherweight
1362,Featherweight
1363,Lightweight
1365,Lightweight
1367,Light Heavyweight
1368,Heavyweight
1369,Light Heavyweight
1370,Bantamweight
1371,Welterweight
1372,Middleweight
1373,Welterweight
1374,Featherweight
1375,Light Heavyweight
1376,Lightweight
1377,Heavyweight
1379,Featherweight
1380,Bantamweight
1381,Heavyweight
1384,Lightweight
1385,Bantamweight
1386,Middleweight
1387,Welterweight
1388,Bantamweight
1389,Light Heavyweight
1390,Featherweight
1392,Light Heavyweight
1393,Welterweight
1394,Bantamweight
1397,Welterweight
1398,Light Heavyweight
1399,Bantamweight
1400,Flyweight
1401,Bantamweight
1402,Welterweight
1403,Heavyweight
1404,Lightweight
1405,Welterweight
1406,Featherweight
1407,Lightweight
1408,Lightweight
1409,Welterweight
1410,Flyweight
1412,Welterweight
1413,Middleweight
1414,Middleweight
1415,Heavyweight
1416,Heavyweight
1417,Welterweight
1418,Light Heavyweight
1419,Lightweight
1420,Middleweight
1421,Featherweight
1422,Flyweight
1423,Lightweight
1424,Bantamweight
1425,Welterweight
1426,Middleweight
1428,Lightweight
1429,Heavyweight
1430,Bantamweight
1431,Middleweight
1432,Welterweight
1433,Lightweight
1435,Bantamweight
1436,Flyweight
1437,Middleweight
1438,Featherweight
1439,Lightweight
1440,Welterweight
1441,Lightweight
1442,Featherweight
1446,Lightweight
1447,Welterweight
1448,Featherweight
1449,Heavyweight
1450,Light Heavyweight
1451,Featherweight
1452,Light Heavyweight
1453,Bantamweight
1454,Featherweight
1455,Welterweight
1456,Flyweight
1457,Featherweight
1458,Featherweight
1459,Lightweight
1460,Featherweight
1462,Welterweight
1463,Featherweight
1464,Lightweight
1465,Lightweight
1467,Bantamweight
1470,Featherweight
1472,Lightweight
1473,Lightweight
1475,Welterweight
1476,Featherweight
1477,Flyweight
1478,Bantamweight
1479,Welterweight
1480,Featherweight
1481,Welterweight
1482,Light Heavyweight
1483,Light Heavyweight
1484,Middleweight
1485,Welterweight
1486,Welterweight
1487,Lightweight
1488,Middleweight
1489,Welterweight
1490,Featherweight
1491,Featherweight
1492,Bantamweight
1493,Lightweight
1494,Middleweight
1495,Bantamweight
1497,Bantamweight
1498,Bantamweight
1499,Bantamweight
1500,Bantamweight
1501,Lightweight
1502,Middleweight
1503,Featherweight
1504,Heavyweight
1505,Flyweight
1506,Lightweight
1508,Lightweight
1509,Welterweight
1510,Lightweight
1513,Welterweight
1514,Light Heavyweight
1515,Heavyweight
1517,Bantamweight
1519,Middleweight
1520,Bantamweight
1522,Middleweight
1526,Middleweight
1527,Welterweight
1528,Featherweight
1529,Welterweight
1530,Featherweight
1531,Welterweight
1533,Featherweight
1534,Heavyweight
1536,Featherweight
1537,Heavyweight
1538,Heavyweight
1540,Welterweight
1541,Welterweight
1542,Middleweight
1543,Catch Weight
1544,Flyweight
1545,Lightweight
1546,Heavyweight
1547,Lightweight
1549,Flyweight
1550,Heavyweight
1551,Lightweight
1552,Welterweight
1553,Heavyweight
1554,Middleweight
1555,Bantamweight
1556,Lightweight
1557,Bantamweight
1559,Lightweight
1561,Welterweight
1562,Light Heavyweight
1563,Middleweight
1564,Middleweight
1565,Bantamweight
1567,Welterweight
1568,Middleweight
1569,Lightweight
1570,Heavyweight
1571,Light Heavyweight
1572,Welterweight
1573,Heavyweight
1574,Bantamweight
1575,Middleweight
1576,Welterweight
1577,Bantamweight
1578,Lightweight
1579,Middleweight
1580,Bantamweight
1581,Welterweight
1582,Middleweight
1583,Lightweight
1584,Welterweight
1585,Flyweight
1586,Heavyweight
1587,Welterweight
1589,Light Heavyweight
1590,Middleweight
1591,Lightweight
1592,Bantamweight
1593,Middleweight
1594,Featherweight
1595,Welterweight
1597,Featherweight
1598,Lightweight
1599,Flyweight
1600,Heavyweight
1602,Bantamweight
1604,Flyweight
1605,Flyweight
1606,Middleweight
1607,Light Heavyweight
1609,Lightweight
1610,Light Heavyweight
1611,Featherweight
1612,Flyweight
1613,Welterweight
1615,Welterweight
1616,Welterweight
1617,Middleweight
1618,Welterweight
1619,Middleweight
1620,Lightweight
1621,Welterweight
1622,Heavyweight
1623,Lightweight
1624,Heavyweight
1625,Middleweight
1626,Lightweight
1628,Welterweight
1629,Flyweight
1630,Light Heavyweight
1631,Featherweight
1634,Featherweight
1635,Lightweight
1636,Heavyweight
1637,Lightweight
1638,Heavyweight
1639,Middleweight
1641,Welterweight
1642,Welterweight
1643,Lightweight
1644,Lightweight
1645,Lightweight
1646,Light Heavyweight
1647,Featherweight
1648,Light Heavyweight
1649,Lightweight
1650,Flyweight
1652,Welterweight
1653,Featherweight
1654,Middleweight
1655,Bantamweight
1656,Middleweight
1657,Flyweight
1658,Bantamweight
1659,Bantamweight
1660,Flyweight
1661,Lightweight
1662,Welterweight
1664,Welterweight
1665,Light Heavyweight
1666,Featherweight
1667,Catch Weight
1668,Featherweight
1669,Featherweight
1671,Flyweight
1672,Lightweight
1673,Middleweight
1674,Featherweight
1675,Light Heavyweight
1676,Bantamweight
1677,Welterweight
1678,Middleweight
1679,Welterweight
1680,Heavyweight
1681,Featherweight
1682,Bantamweight
1683,Heavyweight
1684,Featherweight
1685,Lightweight
1686,Welterweight
1688,Lightweight
1689,Middleweight
1690,Light Heavyweight
1691,Heavyweight
1692,Welterweight
1693,Flyweight
1694,Welterweight
1695,Lightweight
1696,Bantamweight
1698,Middleweight
1699,Heavyweight
1700,Heavyweight
1701,Lightweight
1702,Bantamweight
1703,Heavyweight
1704,Welterweight
1705,Middleweight
1706,Welterweight
1707,Featherweight
1708,Light Heavyweight
1709,Lightweight
1710,Welterweight
1711,Light Heavyweight
1712,Middleweight
1713,Light Heavyweight
1715,Welterweight
1716,Light Heavyweight
1718,Featherweight
1719,Lightweight
1720,Middleweight
1722,Welterweight
1723,Featherweight
1724,Lightweight
1725,Middleweight
1726,Lightweight
1727,Featherweight
1728,Lightweight
1729,Light Heavyweight
1731,Heavyweight
1732,Welterweight
1733,Welterweight
1734,Lightweight
1735,Heavyweight
1736,Featherweight
1737,Flyweight
1738,Bantamweight
1739,Flyweight
1741,Heavyweight
1742,Middleweight
1743,Lightweight
1744,Light Heavyweight
1745,Flyweight
1746,Featherweight
1747,Lightweight
1748,Welterweight
1749,Flyweight
1750,Welterweight
1752,Featherweight
1754,Middleweight
1755,Middleweight
1756,Welterweight
1757,Bantamweight
1758,Bantamweight
1759,Bantamweight
1761,Welterweight
1762,Light Heavyweight
1763,Light Heavyweight
1764,Welterweight
1765,Welterweight
1766,Welterweight
1767,Middleweight
1768,Bantamweight
1769,Middleweight
1770,Lightweight
1771,Welterweight
1772,Welterweight
1773,Lightweight
1774,Heavyweight
1776,Welterweight
1777,Featherweight
1778,Middleweight
1779,Featherweight
1780,Heavyweight
1781,Lightweight
1783,Featherweight
1784,Light Heavyweight
1785,Featherweight
1786,Lightweight
1787,Light Heavyweight
1788,Bantamweight
1789,Lightweight
1790,Welterweight
1791,Middleweight
1792,Flyweight
1793,Lightweight
1796,Welterweight
1797,Flyweight
1798,Flyweight
1800,Middleweight
1801,Featherweight
1802,Heavyweight
1803,Bantamweight
1804,Lightweight
1805,Flyweight
1806,Bantamweight
1807,Light Heavyweight
1808,Middleweight
1809,Welterweight
1811,Light Heavyweight
1812,Middleweight
1814,Welterweight
1815,Lightweight
1816,Featherweight
1817,Welterweight
1818,Featherweight
1819,Light Heavyweight
1820,Lightweight
1821,Lightweight
1823,Flyweight
1824,Light Heavyweight
1825,Welterweight
1826,Catch Weight
1827,Featherweight
1828,Lightweight
1829,Light Heavyweight
1830,Heavyweight
1831,Welterweight
1832,Lightweight
1833,Middleweight
1835,Light Heavyweight
1836,Lightweight
1837,Flyweight
1838,Welterweight
1839,Lightweight
1840,Welterweight
1841,Bantamweight
1842,Lightweight
1843,Featherweight
1844,Middleweight
1845,Welterweight
1846,Lightweight
1847,Middleweight
1849,Heavyweight
1850,Heavyweight
1851,Featherweight
1852,Bantamweight
1853,Heavyweight
1854,Light Heavyweight
1855,Bantamweight
1856,Heavyweight
1857,Middleweight
1858,Featherweight
1859,Middleweight
1861,Lightweight
1862,Welterweight
1864,Bantamweight
1865,Middleweight
1866,Middleweight
1868,Middleweight
1869,Middleweight
1870,Light Heavyweight
1871,Lightweight
1872,Welterweight
1873,Flyweight
1874,Lightweight
1875,Featherweight
1876,Welterweight
1877,Featherweight
1879,Lightweight
1880,Light Heavyweight
1881,Heavyweight
1883,Featherweight
1884,Bantamweight
1886,Light Heavyweight
1888,Welterweight
1889,Heavyweight
1890,Featherweight
1891,Middleweight
1892,Bantamweight
1893,Welterweight
1894,Light Heavyweight
1895,Middleweight
1896,Light Heavyweight
1897,Flyweight
1898,Lightweight
1899,Featherweight
1900,Lightweight
1901,Welterweight
1902,Flyweight
1903,Lightweight
1904,Bantamweight
1905,Heavyweight
1906,Lightweight
1908,Heavyweight
1909,Light Heavyweight
1910,Heavyweight
1912,Bantamweight
1913,Bantamweight
1914,Welterweight
1915,Flyweight
1916,Welterweight
1917,Middleweight
1918,Welterweight
1919,Welterweight
1921,Welterweight
1922,Bantamweight
1923,Welterweight
1924,Light Heavyweight
1925,Featherweight
1926,Welterweight
1927,Welterweight
1928,Lightweight
1930,Bantamweight
1931,Flyweight
1932,Welterweight
1933,Featherweight
1934,Welterweight
1935,Featherweight
1936,Middleweight
1937,Welterweight
1938,Light Heavyweight
1939,Lightweight
1941,Bantamweight
1942,Lightweight
1943,Lightweight
1944,Flyweight
1945,Heavyweight
1946,Heavyweight
1947,Light Heavyweight
1948,Light Heavyweight
1950,Welterweight
1951,Middleweight
1952,Middleweight
1953,Featherweight
1954,Lightweight
1955,Middleweight
1957,Flyweight
1958,Flyweight
1959,Welterweight
1960,Light Heavyweight
1962,Flyweight
1963,Featherweight
1964,Bantamweight
1965,Lightweight
1967,Middleweight
1968,Light Heavyweight
1969,Middleweight
1970,Lightweight
1971,Welterweight
1972,Lightweight
1973,Light Heavyweight
1975,Middleweight
1976,Lightweight
1977,Welterweight
1978,Flyweight
1979,Featherweight
1980,Featherweight
1981,Flyweight
1982,Light Heavyweight
1983,Bantamweight
1985,Middleweight
1986,Welterweight
1987,Welterweight
1988,Middleweight
1989,Light Heavyweight
1990,Bantamweight
1991,Heavyweight
1992,Bantamweight
1993,Middleweight
1994,Lightweight
1995,Heavyweight
1996,Featherweight
1997,Middleweight
1998,Flyweight
1999,Lightweight
2001,Heavyweight
2002,Welterweight
2004,Bantamweight
2005,Welterweight
2006,Lightweight
2008,Middleweight
2010,Featherweight
2011,Lightweight
2012,Middleweight
2013,Welterweight
2014,Catch Weight
2016,Lightweight
2017,Lightweight
2018,Featherweight
2019,Lightweight
2020,Lightweight
2022,Bantamweight
2023,Catch Weight
2024,Welterweight
2025,Bantamweight
2026,Middleweight
2027,Lightweight
2028,Featherweight
2029,Middleweight
2030,Middleweight
2031,Light Heavyweight
2032,Heavyweight
2033,Featherweight
2034,Bantamweight
2035,Bantamweight
2036,Welterweight
2037,Lightweight
2038,Welterweight
2039,Lightweight
2040,Bantamweight
2041,Lightweight
2042,Welterweight
2043,Flyweight
2044,Light Heavyweight
2045,Featherweight
2046,Heavyweight
2047,Welterweight
2048,Middleweight
2049,Light Heavyweight
2050,Heavyweight
2052,Catch Weight
2053,Featherweight
2054,Heavyweight
2055,Lightweight
2056,Middleweight
2057,Featherweight
2058,Lightweight
2059,Bantamweight
2060,Flyweight
2061,Welterweight
2062,Lightweight
2063,Welterweight
2064,Lightweight
2065,Lightweight
2066,Middleweight
2067,Lightweight
2068,Welterweight
2069,Lightweight
2070,Featherweight
2071,Featherweight
2072,Welterweight
2073,Middleweight
2074,Bantamweight
2075,Welterweight
2076,Heavyweight
2077,Heavyweight
2078,Welterweight
2079,Bantamweight
2082,Middleweight
2083,Lightweight
2084,Lightweight
2085,Welterweight
2086,Heavyweight
2087,Light Heavyweight
2088,Light Heavyweight
2089,Lightweight
2090,Welterweight
2091,Welterweight
2093,Bantamweight
2094,Middleweight
2095,Lightweight
2096,Welterweight
2097,Featherweight
2099,Lightweight
2100,Middleweight
2101,Featherweight
2102,Middleweight
2103,Lightweight
2104,Lightweight
2105,Lightweight
2106,Welterweight
2107,Light Heavyweight
2108,Welterweight
2109,Welterweight
2110,Welterweight
2111,Bantamweight
2113,Featherweight
2115,Welterweight
2116,Welterweight
2117,Middleweight
2118,Featherweight
2119,Featherweight
2120,Middleweight
2121,Welterweight
2122,Middleweight
2124,Welterweight
2125,Heavyweight
2126,Lightweight
2127,Featherweight
2128,Featherweight
2129,Heavyweight
2130,Welterweight
2132,Welterweight
2133,Bantamweight
2134,Flyweight
2135,Light Heavyweight
2136,Welterweight
2137,Heavyweight
2138,Flyweight
2139,Lightweight
2141,Lightweight
2142,Heavyweight
2144,Bantamweight
2145,Featherweight
2146,Welterweight
2147,Lightweight
2148,Welterweight
2149,Featherweight
2150,Heavyweight
2151,Bantamweight
2152,Lightweight
2153,Middleweight
2154,Heavyweight
2155,Welterweight
2156,Flyweight
2158,Middleweight
2160,Lightweight
2161,Bantamweight
2162,Middleweight
2164,Light Heavyweight
2165,Featherweight
2166,Heavyweight
2168,Welterweight
2169,Bantamweight
2170,Lightweight
2171,Lightweight
2172,Middleweight
2173,Lightweight
2175,Light Heavyweight
2177,Lightweight
2178,Featherweight
2179,Lightweight
2180,Featherweight
2181,Flyweight
2182,Light Heavyweight
2183,Middleweight
2184,Lightweight
2185,Welterweight
2186,Lightweight
2187,Heavyweight
2188,Welterweight
2189,Lightweight
2190,Welterweight
2191,Lightweight
2192,Bantamweight
2193,Bantamweight
2194,Bantamweight
2195,Lightweight
2196,Bantamweight
2197,Welterweight
2198,Welterweight
2199,Welterweight
2200,Light Heavyweight
2201,Lightweight
2203,Lightweight
2204,Light Heavyweight
2205,Middleweight
2206,Bantamweight
2207,Middleweight
2209,Welterweight
2210,Flyweight
2211,Middleweight
2212,Bantamweight
2213,Featherweight
2214,Middleweight
2215,Lightweight
2216,Featherweight
2217,Lightweight
2219,Featherweight
2220,Welterweight
2221,Light Heavyweight
2222,Lightweight
2223,Bantamweight
2224,Featherweight
2225,Welterweight
2226,Middleweight
2227,Welterweight
2228,Lightweight
2230,Lightweight
2231,Middleweight
2232,Lightweight
2233,Bantamweight
2234,Heavyweight
2235,Heavyweight
2236,Middleweight
2237,Catch Weight
2238,Light Heavyweight
2239,Welterweight
2240,Welterweight
2241,Middleweight
2242,Lightweight
2243,Bantamweight
2244,Light Heavyweight
2245,Featherweight
2246,Heavyweight
2247,Heavyweight
2248,Welterweight
2250,Light Heavyweight
2252,Lightweight
2253,Middleweight
2254,Lightweight
2255,Lightweight
2256,Flyweight
2257,Welterweight
2258,Flyweight
2259,Light Heavyweight
2260,Flyweight
2261,Lightweight
2262,Middleweight
2263,Featherweight
2264,Flyweight
2265,Welterweight
2267,Lightweight
2268,Heavyweight
2269,Light Heavyweight
2270,Lightweight
2271,Light Heavyweight
2273,Catch Weight
2274,Featherweight
2275,Lightweight
2277,Welterweight
2278,Welterweight
2279,Bantamweight
2280,Middleweight
2281,Welterweight
2282,Heavyweight
2283,Heavyweight
2284,Heavyweight
2285,Heavyweight
2286,Light Heavyweight
2288,Welterweight
2289,Bantamweight
2290,Lightweight
2291,Bantamweight
2292,Featherweight
2293,Heavyweight
2294,Middleweight
2295,Heavyweight
2296,Welterweight
2297,Lightweight
2298,Middleweight
2299,Light Heavyweight
2301,Welterweight
2302,Featherweight
2304,Welterweight
2305,Lightweight
2306,Lightweight
2307,Welterweight
2309,Light Heavyweight
2310,Light Heavyweight
2312,Welterweight
2313,Welterweight
2314,Middleweight
2315,Featherweight
2316,Lightweight
2317,Lightweight
2318,Featherweight
2319,Middleweight
2320,Middleweight
2321,Welterweight
2322,Bantamweight
2323,Featherweight
2324,Bantamweight
2325,Middleweight
2326,Featherweight
2327,Middleweight
2328,Lightweight
2329,Heavyweight
2330,Lightweight
2331,Lightweight
2332,Welterweight
2333,Middleweight
2334,Catch Weight
2335,Featherweight
2336,Middleweight
2337,Lightweight
2338,Welterweight
2339,Middleweight
2340,Middleweight
2341,Welterweight
2344,Heavyweight
2345,Welterweight
2346,Heavyweight
2347,Light Heavyweight
2348,Flyweight
2349,Light Heavyweight
2350,Welterweight
2351,Lightweight
2352,Heavyweight
2353,Flyweight
2354,Featherweight
2355,Welterweight
2356,Featherweight
2357,Light Heavyweight
2358,Heavyweight
2359,Bantamweight
2360,Welterweight
2361,Welterweight
2362,Lightweight
2363,Middleweight
2364,Flyweight
2365,Welterweight
2366,Featherweight
2367,Welterweight
2368,Lightweight
2369,Bantamweight
2370,Lightweight
2371,Heavyweight
2372,Lightweight
2373,Welterweight
2374,Light Heavyweight
2375,Lightweight
2376,Featherweight
2377,Lightweight
2378,Light Heavyweight
2379,Featherweight
2380,Bantamweight
2381,Light Heavyweight
2382,Welterweight
2383,Heavyweight
2384,Welterweight
2385,Featherweight
2386,Lightweight
2387,Bantamweight
2388,Welterweight
2390,Lightweight
2391,Lightweight
2392,Bantamweight
2393,Welterweight
2394,Lightweight
2395,Heavyweight
2396,Lightweight
2398,Featherweight
2399,Middleweight
2401,Middleweight
2402,Lightweight
2403,Welterweight
2404,Welterweight
2405,Heavyweight
2406,Featherweight
2407,Middleweight
2408,Middleweight
2409,Welterweight
2410,Featherweight
2411,Bantamweight
2413,Welterweight
2414,Lightweight
2415,Lightweight
2416,Lightweight
2417,Welterweight
2418,Featherweight
2419,Lightweight
2420,Lightweight
2421,Lightweight
2422,Featherweight
2423,Lightweight
2424,Heavyweight
2425,Welterweight
2426,Flyweight
2427,Lightweight
2429,Lightweight
2430,Lightweight
2431,Middleweight
2432,Welterweight
2433,Welterweight
2434,Bantamweight
2435,Welterweight
2436,Welterweight
2437,Featherweight
2439,Welterweight
2440,Welterweight
2441,Welterweight
2442,Featherweight
2443,Middleweight
2444,Featherweight
2445,Lightweight
2447,Flyweight
2448,Bantamweight
2449,Welterweight
2450,Welterweight
2451,Featherweight
2452,Flyweight
2453,Welterweight
2454,Lightweight
2455,Lightweight
2456,Bantamweight
2457,Welterweight
2458,Bantamweight
2459,Featherweight
2460,Welterweight
2461,Lightweight
2462,Lightweight
2465,Heavyweight
2466,Middleweight
2467,Heavyweight
2468,Lightweight
2469,Welterweight
2470,Light Heavyweight
2471,Flyweight
2472,Middleweight
2473,Welterweight
2474,Welterweight
2475,Flyweight
2476,Middleweight
2477,Light Heavyweight
2478,Bantamweight
2479,Lightweight
2480,Lightweight
2481,Light Heavyweight
2482,Lightweight
2483,Lightweight
2484,Featherweight
2485,Featherweight
2486,Welterweight
2487,Bantamweight
2488,Bantamweight
2489,Flyweight
2490,Lightweight
2491,Flyweight
2492,Lightweight
2494,Middleweight
2495,Welterweight
2496,Featherweight
2497,Middleweight
2498,Light Heavyweight
2499,Light Heavyweight
2500,Heavyweight
2501,Flyweight
2503,Featherweight
2504,Welterweight
2505,Lightweight
2507,Lightweight
2508,Flyweight
2509,Heavyweight
2510,Heavyweight
2511,Middleweight
2512,Flyweight
2513,Bantamweight
2514,Featherweight
2515,Welterweight
2516,Lightweight
2517,Lightweight
2518,Welterweight
2519,Flyweight
2520,Heavyweight
2521,Light Heavyweight
2522,Light Heavyweight
2524,Lightweight
2525,Bantamweight
2527,Featherweight
2528,Middleweight
2529,Lightweight
2530,Featherweight
2531,Welterweight
2532,Welterweight
2533,Lightweight
2534,Lightweight
2536,Lightweight
2537,Bantamweight
2538,Light Heavyweight
2539,Flyweight
2540,Lightweight
2541,Light Heavyweight
2542,Light Heavyweight
2543,Lightweight
2544,Middleweight
2545,Heavyweight
2547,Flyweight
2548,Middleweight
2549,Middleweight
2550,Flyweight
2551,Bantamweight
2552,Light Heavyweight
2553,Bantamweight
2554,Lightweight
2556,Light Heavyweight
2557,Lightweight
2558,Bantamweight
2559,Heavyweight
2560,Heavyweight
2562,Welterweight
2563,Light Heavyweight
2564,Welterweight
2565,Bantamweight
2566,Middleweight
2567,Bantamweight
2568,Bantamweight
2570,Lightweight
2571,Lightweight
2572,Light Heavyweight
2573,Lightweight
2574,Welterweight
2575,Bantamweight
2576,Lightweight
2577,Lightweight
2579,Middleweight
2580,Middleweight
2581,Lightweight
2582,Lightweight
2584,Welterweight
2585,Lightweight
2586,Flyweight
2587,Light Heavyweight
2588,Lightweight
2589,Featherweight
2590,Bantamweight
2591,Heavyweight
2592,Heavyweight
2593,Lightweight
2595,Bantamweight
2596,Lightweight
2597,Welterweight
2598,Featherweight
2600,Bantamweight
2601,Welterweight
2602,Middleweight
2603,Welterweight
2604,Welterweight
2605,Welterweight
2606,Welterweight
2607,Welterweight
2609,Featherweight
2610,Middleweight
2611,Bantamweight
2612,Middleweight
2613,Welterweight
2614,Flyweight
2615,Featherweight
2616,Welterweight
2617,Featherweight
2618,Welterweight
2619,Bantamweight
2620,Welterweight
2621,Welterweight
2622,Welterweight
2623,Bantamweight
2624,Flyweight
2625,Lightweight
2626,Middleweight
2627,Welterweight
2628,Middleweight
2629,Middleweight
2630,Featherweight
2631,Welterweight
2632,Welterweight
2633,Welterweight
2634,Bantamweight
2636,Featherweight
2637,Welterweight
2638,Lightweight
2639,Featherweight
2640,Lightweight
2641,Featherweight
2642,Featherweight
2643,Middleweight
2644,Lightweight
2645,Bantamweight
2646,Heavyweight
2647,Lightweight
2648,Middleweight
2649,Featherweight
2651,Flyweight
2652,Lightweight
2653,Bantamweight
2654,Lightweight
2655,Welterweight
2656,Featherweight
2657,Middleweight
2658,Heavyweight
2659,Lightweight
2660,Featherweight
2661,Bantamweight
2662,Bantamweight
2663,Heavyweight
2664,Welterweight
2665,Lightweight
2666,Lightweight
2667,Middleweight
2668,Bantamweight
2669,Welterweight
2670,Featherweight
2671,Welterweight
2672,Light Heavyweight
2673,Lightweight
2674,Welterweight
2675,Flyweight
2676,Welterweight
2677,Featherweight
2679,Welterweight
2680,Light Heavyweight
2681,Middleweight
2682,Lightweight
2683,Heavyweight
2684,Flyweight
2685,Flyweight
2686,Welterweight
2687,Middleweight
2688,Welterweight
2689,Lightweight
2690,Flyweight
2691,Featherweight
2692,Middleweight
2693,Middleweight
2694,Welterweight
2695,Featherweight
2696,Featherweight
2697,Lightweight
2698,Lightweight
2699,Welterweight
2700,Bantamweight
2701,Flyweight
2702,Flyweight
2703,Heavyweight
2704,Middleweight
2705,Light Heavyweight
2706,Lightweight
2707,Featherweight
2708,Welterweight
2709,Middleweight
2711,Middleweight
2713,Welterweight
2714,Flyweight
2715,Flyweight
2716,Catch Weight
2717,Middleweight
2718,Catch Weight
2719,Bantamweight
2720,Welterweight
2722,Lightweight
2723,Lightweight
2724,Welterweight
2727,Middleweight
2728,Middleweight
2729,Featherweight
2731,Lightweight
2732,Light Heavyweight
2733,Light Heavyweight
2734,Bantamweight
2735,Welterweight
2736,Featherweight
2737,Middleweight
2738,Heavyweight
2739,Light Heavyweight
2740,Welterweight
2742,Welterweight
2743,Middleweight
2744,Welterweight
2745,Featherweight
2746,Heavyweight
2748,Lightweight
2749,Featherweight
2750,Featherweight
2751,Lightweight
2752,Lightweight
2754,Featherweight
2755,Lightweight
2757,Lightweight
2758,Heavyweight
2759,Middleweight
2760,Welterweight
2761,Welterweight
2762,Lightweight
2764,Lightweight
2765,Featherweight
2766,Lightweight
2767,Featherweight
2768,Lightweight
2769,Lightweight
2770,Flyweight
2771,Lightweight
2773,Welterweight
2774,Heavyweight
2775,Flyweight
2776,Lightweight
2777,Middleweight
2778,Lightweight
2779,Heavyweight
2780,Flyweight
2781,Lightweight
2785,Welterweight
2786,Welterweight
2787,Lightweight
2788,Middleweight
2789,Welterweight
2790,Heavyweight
2791,Lightweight
2792,Featherweight
2793,Heavyweight
2794,Lightweight
2795,Middleweight
2796,Lightweight
2797,Bantamweight
2798,Welterweight
2800,Welterweight
2801,Featherweight
2802,Bantamweight
2803,Lightweight
2804,Welterweight
2805,Featherweight
2806,Welterweight
2807,Middleweight
2808,Lightweight
2809,Flyweight
2810,Lightweight
2811,Featherweight
2812,Flyweight
2813,Lightweight
2814,Welterweight
2815,Lightweight
2816,Middleweight
2817,Welterweight
2819,Middleweight
2820,Flyweight
2821,Middleweight
2822,Middleweight
2823,Middleweight
2824,Light Heavyweight
2825,Middleweight
2826,Light Heavyweight
2827,Featherweight
2828,Welterweight
2829,Welterweight
2830,Featherweight
2831,Light Heavyweight
2832,Lightweight
2833,Featherweight
2834,Heavyweight
2835,Flyweight
2836,Featherweight
2837,Lightweight
2838,Middleweight
2839,Lightweight
2840,Welterweight
2841,Welterweight
2842,Lightweight
2843,Flyweight
2844,Lightweight
2845,Featherweight
2846,Light Heavyweight
2847,Flyweight
2848,Light Heavyweight
2849,Lightweight
2850,Middleweight
2851,Flyweight
2852,Lightweight
2853,Bantamweight
2854,Heavyweight
2855,Lightweight
2856,Welterweight
2858,Middleweight
2859,Bantamweight
2860,Light Heavyweight
2861,Lightweight
2862,Welterweight
2863,Middleweight
2864,Light Heavyweight
2865,Featherweight
2866,Featherweight
2867,Bantamweight
2868,Welterweight
2869,Middleweight
2870,Heavyweight
2871,Lightweight
2872,Heavyweight
2873,Heavyweight
2875,Flyweight
2876,Welterweight
2877,Lightweight
2878,Lightweight
2879,Lightweight
2880,Bantamweight
2881,Bantamweight
2883,Featherweight
2884,Lightweight
2892,Welterweight
2893,Lightweight
2894,Heavyweight
2895,Heavyweight
2896,Lightweight
2897,Bantamweight
2898,Middleweight
2899,Light Heavyweight
2901,Bantamweight
2902,Featherweight
2903,Featherweight
2904,Lightweight
2905,Flyweight
2906,Heavyweight
2907,Flyweight
2908,Lightweight
2909,Heavyweight
2910,Middleweight
2911,Lightweight
2912,Lightweight
2914,Featherweight
2915,Heavyweight
2916,Welterweight
2917,Featherweight
2918,Welterweight
2919,Welterweight
2920,Featherweight
2921,Bantamweight
2923,Featherweight
2924,Bantamweight
2925,Bantamweight
2926,Light Heavyweight
2927,Welterweight
2928,Welterweight
2929,Welterweight
2931,Featherweight
2932,Middleweight
2933,Lightweight
2934,Bantamweight
2935,Welterweight
2936,Middleweight
2937,Lightweight
2938,Middleweight
2939,Heavyweight
2940,Lightweight
2941,Light Heavyweight
2942,Middleweight
2943,Flyweight
2944,Welterweight
2945,Middleweight
2946,Bantamweight
2947,Featherweight
2948,Light Heavyweight
2949,Light Heavyweight
2950,Featherweight
2951,Lightweight
2952,Welterweight
2953,Lightweight
2954,Flyweight
2955,Featherweight
2956,Lightweight
2957,Lightweight
2958,Welterweight
2959,Bantamweight
2960,Lightweight
2961,Middleweight
2962,Welterweight
2963,Bantamweight
2964,Lightweight
2965,Lightweight
2966,Lightweight
2967,Flyweight
2968,Welterweight
2969,Welterweight
2970,Featherweight
2971,Light Heavyweight
2972,Featherweight
2973,Middleweight
2974,Welterweight
2975,Featherweight
2976,Welterweight
2977,Middleweight
2978,Lightweight
2979,Featherweight
2980,Flyweight
2981,Lightweight
2982,Featherweight
2983,Middleweight
2985,Bantamweight
2986,Lightweight
2987,Welterweight
2988,Welterweight
2989,Lightweight
2990,Bantamweight
2991,Heavyweight
2992,Lightweight
2993,Welterweight
2995,Welterweight
2996,Flyweight
2997,Bantamweight
2998,Featherweight
2999,Welterweight
3000,Bantamweight
3001,Lightweight
3002,Featherweight
3003,Heavyweight
3004,Lightweight
3005,Lightweight
3006,Welterweight
3007,Bantamweight
3009,Featherweight
3010,Welterweight
3011,Lightweight
3012,Welterweight
3013,Bantamweight
3014,Middleweight
3015,Heavyweight
3016,Heavyweight
3017,Lightweight
3018,Flyweight
3019,Lightweight
3020,Middleweight
3021,Bantamweight
3022,Featherweight
3023,Bantamweight
3024,Lightweight
3026,Lightweight
3027,Lightweight
3028,Middleweight
3029,Heavyweight
3030,Lightweight
3031,Lightweight
3032,Welterweight
3033,Middleweight
3034,Catch Weight
3035,Lightweight
3036,Featherweight
3037,Welterweight
3038,Lightweight
3039,Bantamweight
3040,Welterweight
3041,Flyweight
3042,Middleweight
3043,Welterweight
3044,Lightweight
3045,Featherweight
3046,Welterweight
3047,Welterweight
3048,Bantamweight
3049,Welterweight
3050,Bantamweight
3052,Light Heavyweight
3053,Lightweight
3054,Middleweight
3055,Welterweight
3056,Heavyweight
3057,Featherweight
3058,Flyweight
3060,Middleweight
3061,Bantamweight
3062,Welterweight
3063,Light Heavyweight
3064,Featherweight
3065,Lightweight
3066,Lightweight
3067,Light Heavyweight
3068,Welterweight
3069,Lightweight
3070,Welterweight
3072,Featherweight
3073,Featherweight
3074,Welterweight
3075,Flyweight
3076,Lightweight
3077,Light Heavyweight
3078,Flyweight
3079,Middleweight
3080,Middleweight
3081,Light Heavyweight
3082,Flyweight
3083,Lightweight
3084,Lightweight
3085,Welterweight
3086,Lightweight
3087,Flyweight
3088,Featherweight
3089,Lightweight
3091,Bantamweight
3092,Lightweight
3094,Featherweight
3095,Light Heavyweight
3096,Middleweight
3097,Heavyweight
3098,Flyweight
3099,Lightweight
3100,Bantamweight
3101,Lightweight
3102,Light Heavyweight
3103,Catch Weight
3104,Middleweight
3106,Middleweight
3107,Bantamweight
3108,Bantamweight
3109,Welterweight
3110,Middleweight
3111,Bantamweight
3112,Middleweight
3113,Featherweight
3114,Welterweight
3115,Middleweight
3116,Featherweight
3117,Middleweight
3118,Lightweight
3119,Lightweight
3120,Bantamweight
3121,Middleweight
3122,Flyweight
3123,Heavyweight
3124,Middleweight
3125,Heavyweight
3126,Featherweight
3127,Welterweight
3128,Lightweight
3129,Flyweight
3130,Welterweight
3131,Welterweight
3132,Featherweight
3133,Light Heavyweight
3134,Flyweight
3135,Welterweight
3136,Light Heavyweight
3137,Heavyweight
3138,Light Heavyweight
3139,Welterweight
3141,Bantamweight
3142,Lightweight
3143,Bantamweight
3144,Lightweight
3145,Lightweight
3146,Lightweight
3147,Flyweight
3148,Lightweight
3149,Lightweight
3150,Bantamweight
3151,Bantamweight
3152,Welterweight
3153,Flyweight
3154,Lightweight
3155,Light Heavyweight
3156,Heavyweight
3157,Heavyweight
3158,Middleweight
3159,Welterweight
3160,Featherweight
3161,Lightweight
3162,Lightweight
3163,Welterweight
3164,Featherweight
3165,Middleweight
3166,Heavyweight
3167,Bantamweight
3168,Middleweight
3169,Middleweight
3170,Middleweight
3171,Featherweight
3172,Lightweight
3173,Middleweight
3174,Bantamweight
3175,Welterweight
3176,Featherweight
3177,Heavyweight
3178,Bantamweight
3179,Light Heavyweight
3180,Welterweight
3181,Bantamweight
3182,Lightweight
3183,Lightweight
3184,Lightweight
3185,Bantamweight
3186,Lightweight
3187,Lightweight
3188,Featherweight
3189,Welterweight
3190,Welterweight
3191,Middleweight
3192,Lightweight
3193,Welterweight
3194,Heavyweight
3195,Flyweight
3196,Middleweight
3197,Flyweight
3198,Welterweight
3199,Bantamweight
3200,Featherweight
3201,Lightweight
3202,Welterweight
3203,Light Heavyweight
3204,Light Heavyweight
3205,Middleweight
3206,Lightweight
3207,Featherweight
3208,Flyweight
3209,Lightweight
3211,Lightweight
3212,Bantamweight
3213,Heavyweight
3215,Lightweight
3216,Middleweight
3217,Lightweight
3218,Welterweight
3219,Lightweight
3220,Featherweight
3221,Middleweight
3222,Welterweight
3223,Flyweight
3224,Featherweight
3225,Heavyweight
3226,Middleweight
3227,Welterweight
3228,Middleweight
3229,Welterweight
3230,Featherweight
3231,Welterweight
3233,Light Heavyweight
3234,Bantamweight
3235,Lightweight
3236,Middleweight
3237,Welterweight
3238,Bantamweight
3239,Heavyweight
3240,Featherweight
3241,Welterweight
3242,Lightweight
3243,Heavyweight
3244,Middleweight
3245,Featherweight
3246,Light Heavyweight
3247,Middleweight
3248,Light Heavyweight
3249,Lightweight
3250,Featherweight
3251,Middleweight
3252,Flyweight
3253,Welterweight
3254,Light Heavyweight
3255,Featherweight
3256,Welterweight
3257,Welterweight
3258,Lightweight
3259,Welterweight
3260,Light Heavyweight
3261,Welterweight
3263,Featherweight
3264,Welterweight
3265,Lightweight
3266,Flyweight
3267,Middleweight
3268,Featherweight
3269,Light Heavyweight
3270,Lightweight
3271,Flyweight
3272,Welterweight
3273,Light Heavyweight
3274,Middleweight
3275,Middleweight
3276,Welterweight
3277,Welterweight
3278,Welterweight
3279,Heavyweight
3280,Featherweight
3281,Lightweight
3282,Bantamweight
3283,Welterweight
3284,Featherweight
3286,Light Heavyweight
3287,Welterweight
3288,Welterweight
3289,Welterweight
3291,Bantamweight
3292,Bantamweight
3293,Flyweight
3294,Lightweight
3295,Lightweight
3296,Middleweight
3297,Middleweight
3298,Welterweight
3299,Welterweight
3300,Featherweight
3301,Lightweight
3302,Lightweight
3303,Lightweight
3304,Bantamweight
3305,Featherweight
3306,Welterweight
3307,Featherweight
3308,Bantamweight
3309,Featherweight
3310,Heavyweight
3311,Flyweight
3312,Lightweight
3313,Lightweight
3314,Flyweight
3315,Middleweight
3316,Lightweight
3317,Middleweight
3318,Lightweight
3319,Welterweight
3320,Lightweight
3321,Heavyweight
3322,Lightweight
3323,Featherweight
3324,Bantamweight
3325,Bantamweight
3326,Bantamweight
3327,Lightweight
3328,Welterweight
3329,Heavyweight
3330,Middleweight
3331,Middleweight
3332,Bantamweight
3333,Middleweight
3334,Flyweight
3335,Featherweight
3336,Lightweight
3337,Lightweight
3338,Middleweight
3339,Flyweight
3340,Lightweight
3341,Lightweight
3342,Welterweight
3343,Featherweight
3344,Welterweight
3345,Bantamweight
3346,Featherweight
3347,Lightweight
3348,Bantamweight
3349,Lightweight
3350,Bantamweight
3351,Bantamweight
3352,Middleweight
3354,Heavyweight
3355,Lightweight
3356,Featherweight
3357,Middleweight
3358,Lightweight
3359,Welterweight
3360,Welterweight
3361,Featherweight
3362,Flyweight
3363,Bantamweight
3364,Featherweight
3365,Lightweight
3366,Welterweight
3367,Lightweight
3368,Lightweight
3369,Flyweight
3370,Lightweight
3371,Lightweight
3372,Flyweight
3373,Light Heavyweight
3374,Light Heavyweight
3375,Heavyweight
3376,Middleweight
3378,Bantamweight
3379,Middleweight
3380,Flyweight
3381,Middleweight
3382,Welterweight
3383,Lightweight
3385,Bantamweight
3388,Featherweight
3389,Featherweight
3390,Heavyweight
3391,Welterweight
3392,Flyweight
3393,Welterweight
3394,Light Heavyweight
3395,Welterweight
3396,Welterweight
3397,Flyweight
3398,Lightweight
3399,Middleweight
3400,Welterweight
3401,Bantamweight
3402,Welterweight
3403,Bantamweight
3404,Light Heavyweight
3405,Light Heavyweight
3406,Middleweight
3407,Light Heavyweight
3408,Welterweight
3409,Welterweight
3410,Featherweight
3411,Featherweight
3412,Middleweight
3413,Lightweight
3414,Lightweight
3415,Flyweight
3416,Middleweight
3418,Middleweight
3419,Lightweight
3420,Lightweight
3421,Lightweight
3422,Bantamweight
3423,Featherweight
3425,Middleweight
3426,Welterweight
3427,Middleweight
3428,Middleweight
3429,Light Heavyweight
3430,Lightweight
3431,Middleweight
3432,Flyweight
3433,Lightweight
3434,Middleweight
3436,Featherweight
3437,Featherweight
3438,Middleweight
3439,Heavyweight
3440,Heavyweight
3441,Lightweight
3442,Heavyweight
3443,Flyweight
3444,Middleweight
3445,Welterweight
3446,Lightweight
3447,Welterweight
3448,Lightweight
3449,Featherweight
3450,Bantamweight
3451,Welterweight
3452,Welterweight
3453,Light Heavyweight
3454,Light Heavyweight
3455,Welterweight
3456,Bantamweight
3457,Welterweight
3458,Welterweight
3459,Flyweight
3460,Lightweight
3461,Light Heavyweight
3462,Bantamweight
3463,Heavyweight
3464,Middleweight
3465,Lightweight
3466,Lightweight
3467,Bantamweight
3468,Welterweight
3469,Bantamweight
3470,Lightweight
3471,Lightweight
3472,Bantamweight
3473,Heavyweight
3474,Light Heavyweight
3475,Middleweight
3476,Flyweight
3477,Lightweight
3478,Middleweight
3479,Flyweight
3480,Featherweight
3481,Bantamweight
3482,Welterweight
3483,Welterweight
3484,Welterweight
3485,Lightweight
3486,Heavyweight
3487,Featherweight
3488,Heavyweight
3489,Featherweight
3490,Lightweight
3491,Flyweight
3492,Welterweight
3493,Bantamweight
3494,Heavyweight
3495,Lightweight
3496,Middleweight
3497,Welterweight
3498,Lightweight
3499,Welterweight
3500,Welterweight
3501,Bantamweight
3502,Middleweight
3503,Middleweight
3504,Welterweight
3505,Featherweight
3506,Welterweight
3507,Welterweight
3508,Light Heavyweight
3509,Heavyweight
3510,Bantamweight
3511,Welterweight
3512,Middleweight
3513,Lightweight
3514,Bantamweight
3515,Featherweight
3516,Featherweight
3517,Featherweight
3518,Featherweight
3519,Light Heavyweight
3520,Lightweight
3521,Featherweight
3522,Light Heavyweight
3523,Middleweight
3524,Middleweight
3525,Flyweight
3526,Light Heavyweight
3528,Welterweight
3529,Flyweight
3530,Featherweight
3531,Light Heavyweight
3532,Welterweight
3533,Flyweight
3534,Welterweight
3535,Welterweight
3537,Lightweight
3538,Lightweight
3539,Lightweight
3540,Lightweight
3541,Middleweight
3543,Lightweight
3544,Bantamweight
3545,Middleweight
3546,Featherweight
3547,Middleweight
3548,Middleweight
3549,Featherweight
3550,Middleweight
3551,Lightweight
3552,Heavyweight
3553,Lightweight
3554,Welterweight
3555,Welterweight
3556,Light Heavyweight
3557,Heavyweight
3558,Light Heavyweight
3560,Heavyweight
3561,Welterweight
3562,Lightweight
3563,Welterweight
3564,Bantamweight
3565,Lightweight
3566,Bantamweight
3567,Heavyweight
3568,Welterweight
3569,Light Heavyweight
3570,Welterweight
3571,Middleweight
3572,Featherweight
3573,Bantamweight
3574,Featherweight
3575,Welterweight
3576,Featherweight
3577,Middleweight
3578,Middleweight
3579,Heavyweight
3580,Heavyweight
3581,Light Heavyweight
3582,Lightweight
3583,Lightweight
3584,Welterweight
3585,Featherweight
3586,Welterweight
3587,Lightweight
3588,Welterweight
3589,Bantamweight
3590,Featherweight
3591,Middleweight
3592,Middleweight
3593,Lightweight
3594,Middleweight
3595,Featherweight
3596,Lightweight
3597,Lightweight
3598,Welterweight
3599,Bantamweight
3600,Light Heavyweight
3601,Flyweight
3602,Flyweight
3603,Lightweight
3604,Light Heavyweight
3605,Middleweight
3606,Heavyweight
3607,Light Heavyweight
3608,Lightweight
3609,Light Heavyweight
3611,Bantamweight
3612,Featherweight
3613,Featherweight
3614,Lightweight
3615,Heavyweight
3616,Lightweight
3617,Welterweight
3618,Featherweight
3619,Middleweight
3620,Lightweight
3621,Flyweight
3622,Lightweight
3623,Bantamweight
3624,Lightweight
3625,Middleweight
3626,Bantamweight
3627,Middleweight
3629,Heavyweight
3630,Middleweight
3631,Middleweight
3632,Middleweight
3633,Middleweight
3634,Middleweight
3635,Featherweight
3636,Featherweight
3637,Featherweight
3638,Light Heavyweight
3639,Lightweight
3640,Heavyweight
3641,Bantamweight
3642,Featherweight
3643,Featherweight
3644,Lightweight
3645,Middleweight
3646,Welterweight
3647,Featherweight
3648,Welterweight
3649,Middleweight
3650,Welterweight
3651,Welterweight
3652,Welterweight
3653,Welterweight
3654,Middleweight
3655,Lightweight
3656,Welterweight
3657,Featherweight
3658,Welterweight
3659,Lightweight
3660,Welterweight
3661,Bantamweight
3662,Bantamweight
3663,Light Heavyweight
3664,Heavyweight
3665,Lightweight
3666,Middleweight
3667,Featherweight
3668,Welterweight
3669,Middleweight
3670,Bantamweight
3671,Lightweight
3672,Welterweight
3674,Light Heavyweight
3675,Bantamweight
3676,Welterweight
3677,Welterweight
3678,Heavyweight
3679,Lightweight
3680,Featherweight
3681,Lightweight
3682,Welterweight
3683,Welterweight
3684,Welterweight
3685,Bantamweight
3686,Featherweight
3687,Light Heavyweight
3688,Welterweight
3689,Light Heavyweight
3690,Lightweight
3691,Lightweight
3692,Featherweight
3693,Middleweight
3694,Bantamweight
3695,Flyweight
3696,Featherweight
3697,Light Heavyweight
3698,Heavyweight
3699,Welterweight
3700,Flyweight
3701,Lightweight
3702,Welterweight
3703,Lightweight
3704,Lightweight
3705,Bantamweight
3706,Bantamweight
3707,Flyweight
3708,Light Heavyweight
3709,Lightweight
3710,Featherweight
3711,Lightweight
3712,Featherweight
3713,Welterweight
3714,Light Heavyweight
3715,Heavyweight
3716,Middleweight
3717,Welterweight
3718,Middleweight
3719,Middleweight
3720,Heavyweight
3721,Lightweight
3722,Featherweight
3723,Middleweight
3724,Featherweight
3725,Lightweight
3726,Light Heavyweight
3727,Lightweight
3728,Heavyweight
3729,Lightweight
3730,Middleweight
3731,Middleweight
3732,Middleweight
3733,Bantamweight
3734,Bantamweight
3735,Lightweight
3736,Lightweight
3737,Heavyweight
3738,Featherweight
3739,Flyweight
3740,Heavyweight
3741,Welterweight
3742,Heavyweight
3743,Featherweight
3744,Welterweight
3745,Bantamweight
3746,Lightweight
3747,Welterweight
3748,Bantamweight
3749,Lightweight
3750,Flyweight
3751,Lightweight
3752,Welterweight
3753,Lightweight
3754,Middleweight
3755,Featherweight
3756,Welterweight
3757,Welterweight
3758,Lightweight
3759,Light Heavyweight
3760,Lightweight
3761,Light Heavyweight
3762,Welterweight
3763,Welterweight
3764,Lightweight
3765,Bantamweight
3766,Lightweight
3767,Lightweight
3768,Lightweight
3769,Featherweight
3770,Bantamweight
3771,Welterweight
3772,Welterweight
3773,Middleweight
3774,Lightweight
3775,Featherweight
3776,Middleweight
3777,Light Heavyweight
3778,Lightweight
3779,Featherweight
3780,Welterweight
3781,Bantamweight
3782,Featherweight
3783,Middleweight
3784,Welterweight
3785,Lightweight
3786,Lightweight
3787,Bantamweight
3788,Bantamweight
3789,Flyweight
3790,Middleweight
3791,Light Heavyweight
3792,Heavyweight
3793,Light Heavyweight
3794,Welterweight
3795,Light Heavyweight
3796,Welterweight
3797,Featherweight
3798,Lightweight
3799,Featherweight
3800,Welterweight
3801,Middleweight
3802,Lightweight
3803,Heavyweight
3804,Welterweight
3805,Flyweight
3806,Welterweight
3807,Lightweight
3808,Welterweight
3809,Lightweight
3810,Lightweight
3811,Featherweight
3812,Flyweight
3813,Heavyweight
3814,Welterweight
3815,Bantamweight
3816,Lightweight
3817,Welterweight
3818,Welterweight
3819,Light Heavyweight
3820,Featherweight
3821,Middleweight
3822,Catch Weight
3823,Featherweight
3824,Light Heavyweight
3825,Flyweight
3826,Middleweight
3827,Light Heavyweight
3828,Featherweight
3829,Light Heavyweight
3830,Lightweight
3831,Welterweight
3832,Featherweight
3833,Welterweight
3834,Bantamweight
3835,Welterweight
3836,Lightweight
3837,Lightweight
3838,Middleweight
3839,Featherweight
3840,Featherweight
3841,Middleweight
3842,Bantamweight
3843,Bantamweight
3844,Featherweight
3845,Light Heavyweight
3846,Light Heavyweight
3847,Lightweight
3848,Welterweight
3849,Featherweight
3850,Featherweight
3851,Heavyweight
3852,Featherweight
3853,Flyweight
3854,Bantamweight
3855,Middleweight
3856,Heavyweight
3857,Welterweight
3858,Middleweight
3859,Light Heavyweight
3860,Bantamweight
3861,Featherweight
3862,Lightweight
3863,Middleweight
3864,Light Heavyweight
3865,Welterweight
3866,Middleweight
3867,Bantamweight
3868,Lightweight
3869,Bantamweight
3870,Flyweight
3871,Middleweight
3872,Welterweight
3873,Bantamweight
3874,Middleweight
3875,Light Heavyweight
3876,Middleweight
3877,Welterweight
3878,Featherweight
3879,Bantamweight
3880,Lightweight
3881,Lightweight
3882,Middleweight
3883,Lightweight
3884,Lightweight
3885,Catch Weight
3886,Middleweight
3887,Featherweight
3888,Heavyweight
3889,Featherweight
3890,Featherweight
3891,Middleweight
3892,Featherweight
3893,Middleweight
3894,Featherweight
3895,Lightweight
3896,Lightweight
3897,Welterweight
3898,Featherweight
3899,Featherweight
3900,Lightweight
3901,Welterweight
3902,Featherweight
3903,Middleweight
3904,Welterweight
3905,Welterweight
3906,Bantamweight
3907,Flyweight
3908,Welterweight
3909,Welterweight
3910,Bantamweight
3911,Welterweight
3912,Welterweight
3913,Featherweight
3914,Bantamweight
3915,Lightweight
3916,Middleweight
3917,Lightweight
3918,Welterweight
3919,Welterweight
3920,Lightweight
3921,Featherweight
3922,Featherweight
3923,Lightweight
3924,Lightweight
3925,Lightweight
3926,Lightweight
3927,Lightweight
3928,Bantamweight
3929,Heavyweight
3930,Heavyweight
3931,Heavyweight
3932,Heavyweight
3933,Heavyweight
3934,Featherweight
3935,Lightweight
3936,Middleweight
3937,Welterweight
3938,Lightweight
3939,Light Heavyweight
3940,Featherweight
3941,Featherweight
3942,Welterweight
3943,Lightweight
3944,Bantamweight
3945,Light Heavyweight
3946,Middleweight
3947,Middleweight
3948,Lightweight
3949,Lightweight
3950,Lightweight
3951,Bantamweight
3952,Bantamweight
3953,Lightweight
3954,Welterweight
3955,Middleweight
3956,Heavyweight
3957,Lightweight
3958,Flyweight
3959,Welterweight
3960,Flyweight
3961,Lightweight
3962,Featherweight
3963,Bantamweight
3964,Middleweight
3965,Light Heavyweight
3966,Welterweight
3967,Heavyweight
3968,Bantamweight
3969,Featherweight
3970,Lightweight
3971,Heavyweight
3972,Welterweight
3973,Lightweight
3974,Lightweight
3975,Welterweight
3976,Featherweight
3977,Light Heavyweight
3978,Middleweight
3979,Welterweight
3980,Featherweight
3981,Welterweight
3982,Bantamweight
3983,Welterweight
3984,Light Heavyweight
3985,Middleweight
3986,Lightweight
3987,Welterweight
3988,Featherweight
3989,Welterweight
3990,Flyweight
3991,Middleweight
3992,Light Heavyweight
3993,Light Heavyweight
3994,Featherweight
3995,Middleweight
3996,Welterweight
3997,Featherweight
3998,Heavyweight
3999,Lightweight
4000,Light Heavyweight
4001,Heavyweight
4002,Welterweight
4003,Middleweight
4004,Featherweight
4005,Lightweight
4006,Lightweight
4007,Bantamweight
4008,Middleweight
4009,Bantamweight
4010,Featherweight
4011,Welterweight
4012,Heavyweight
4013,Middleweight
4014,Heavyweight
4015,Bantamweight
4016,Bantamweight
4017,Featherweight
4018,Lightweight
4019,Lightweight
4020,Welterweight
4021,Heavyweight
4022,Welterweight
4023,Bantamweight
4024,Middleweight
4025,Featherweight
4026,Bantamweight
4027,Welterweight
4028,Welterweight
4029,Middleweight
4030,Welterweight
4031,Light Heavyweight
4032,Middleweight
4033,Middleweight
4034,Lightweight
4035,Heavyweight
4036,Featherweight
4037,Featherweight
4038,Lightweight
4039,Heavyweight
4040,Middleweight
4041,Lightweight
4042,Welterweight
4043,Bantamweight
4044,Heavyweight
4045,Middleweight
4046,Lightweight
4047,Welterweight
4048,Lightweight
4049,Featherweight
4050,Bantamweight
4051,Featherweight
4052,Middleweight
4053,Middleweight
4054,Welterweight
4055,Lightweight
4056,Lightweight
4057,Heavyweight
4058,Featherweight
4059,Welterweight
4060,Featherweight
4061,Heavyweight
4062,Lightweight
4063,Welterweight
4064,Light Heavyweight
4065,Featherweight
4066,Featherweight
4067,Lightweight
4068,Welterweight
4069,Lightweight
4070,Featherweight
4071,Light Heavyweight
4072,Heavyweight
4073,Light Heavyweight
4074,Welterweight
4075,Featherweight
4076,Light Heavyweight
4077,Middleweight
4078,Lightweight
4079,Bantamweight
4080,Lightweight
4081,Welterweight
4082,Lightweight
4083,Middleweight
4084,Featherweight
4085,Bantamweight
4086,Lightweight
4087,Bantamweight
4088,Featherweight
4089,Bantamweight
4090,Bantamweight
4091,Featherweight
4092,Featherweight
4093,Light Heavyweight
4094,Middleweight
4095,Bantamweight
4096,Welterweight
4097,Light Heavyweight
4098,Light Heavyweight
4099,Bantamweight
4100,Middleweight
4101,Lightweight
4102,Bantamweight
4103,Welterweight
4104,Lightweight
4105,Heavyweight
4106,Lightweight
4107,Featherweight
4108,Featherweight
4109,Welterweight
4110,Bantamweight
4111,Bantamweight
4112,Welterweight
4113,Light Heavyweight
4114,Middleweight
4115,Bantamweight
4116,Welterweight
4117,Light Heavyweight
4118,Lightweight
4119,Welterweight
4120,Heavyweight
4121,Featherweight
4122,Welterweight
4123,Bantamweight
4124,Welterweight
4125,Heavyweight
4126,Heavyweight
4127,Bantamweight
4128,Featherweight
4129,Lightweight
4130,Featherweight
4131,Light Heavyweight
4132,Lightweight
4133,Middleweight
4134,Middleweight
4135,Lightweight
4136,Featherweight
4137,Middleweight
4138,Featherweight
4139,Lightweight
4140,Middleweight
4141,Lightweight
4142,Heavyweight
4143,Featherweight
4144,Middleweight
4145,Middleweight
4146,Bantamweight
4147,Heavyweight
4148,Welterweight
4149,Lightweight
4150,Lightweight
4151,Lightweight
4152,Bantamweight
4153,Lightweight
4154,Welterweight
4155,Bantamweight
4156,Light Heavyweight
4157,Welterweight
4158,Heavyweight
4159,Heavyweight
4160,Lightweight
4161,Lightweight
4162,Middleweight
4163,Featherweight
4164,Bantamweight
4165,Light Heavyweight
4166,Welterweight
4167,Middleweight
4168,Featherweight
4169,Middleweight
4170,Lightweight
4171,Lightweight
4172,Welterweight
4173,Bantamweight
4174,Welterweight
4175,Welterweight
4176,Featherweight
4177,Welterweight
4178,Middleweight
4179,Light Heavyweight
4180,Lightweight
4181,Heavyweight
4182,Light Heavyweight
4183,Lightweight
4184,Middleweight
4185,Welterweight
4186,Bantamweight
4187,Welterweight
4188,Featherweight
4189,Bantamweight
4190,Welterweight
4191,Lightweight
4192,Lightweight
4193,Welterweight
4194,Middleweight
4195,Bantamweight
4196,Middleweight
4197,Light Heavyweight
4198,Featherweight
4199,Lightweight
4200,Lightweight
4201,Bantamweight
4202,Light Heavyweight
4203,Middleweight
4204,Welterweight
4205,Middleweight
4206,Welterweight
4207,Light Heavyweight
4208,Featherweight
4209,Bantamweight
4210,Welterweight
4211,Featherweight
4212,Middleweight
4213,Bantamweight
4214,Middleweight
4215,Lightweight
4216,Light Heavyweight
4217,Welterweight
4218,Lightweight
4219,Lightweight
4220,Bantamweight
4221,Middleweight
4222,Lightweight
4223,Bantamweight
4224,Heavyweight
4225,Welterweight
4226,Welterweight
4227,Heavyweight
4228,Featherweight
4229,Featherweight
4230,Lightweight
4231,Welterweight
4232,Featherweight
4233,Lightweight
4234,Heavyweight
4235,Featherweight
4236,Middleweight
4237,Heavyweight
4238,Lightweight
4239,Lightweight
4240,Middleweight
4241,Light Heavyweight
4242,Middleweight
4243,Featherweight
4244,Heavyweight
4245,Featherweight
4246,Welterweight
4247,Lightweight
4248,Middleweight
4249,Light Heavyweight
4250,Welterweight
4251,Lightweight
4252,Featherweight
4253,Welterweight
4254,Welterweight
4255,Bantamweight
4256,Bantamweight
4257,Light Heavyweight
4258,Heavyweight
4259,Heavyweight
4260,Welterweight
4261,Middleweight
4262,Bantamweight
4263,Middleweight
4264,Lightweight
4265,Bantamweight
4266,Bantamweight
4267,Welterweight
4268,Featherweight
4269,Light Heavyweight
4270,Light Heavyweight
4271,Lightweight
4272,Welterweight
4273,Welterweight
4274,Welterweight
4275,Bantamweight
4276,Middleweight
4277,Lightweight
4278,Featherweight
4279,Light Heavyweight
4280,Welterweight
4281,Welterweight
4282,Featherweight
4283,Heavyweight
4284,Featherweight
4285,Welterweight
4286,Bantamweight
4287,Heavyweight
4288,Welterweight
4289,Middleweight
4290,Lightweight
4291,Light Heavyweight
4292,Bantamweight
4293,Lightweight
4294,Middleweight
4295,Heavyweight
4296,Light Heavyweight
4297,Lightweight
4298,Welterweight
4299,Lightweight
4300,Bantamweight
4301,Catch Weight
4302,Featherweight
4303,Welterweight
4304,Middleweight
4305,Middleweight
4306,Bantamweight
4307,Light Heavyweight
4308,Lightweight
4309,Lightweight
4310,Bantamweight
4311,Middleweight
4312,Middleweight
4313,Light Heavyweight
4314,Middleweight
4315,Lightweight
4316,Welterweight
4317,Middleweight
4318,Lightweight
4319,Light Heavyweight
4320,Middleweight
4321,Light Heavyweight
4322,Featherweight
4323,Heavyweight
4324,Lightweight
4325,Middleweight
4326,Light Heavyweight
4327,Light Heavyweight
4328,Welterweight
4329,Bantamweight
4330,Lightweight
4331,Featherweight
4332,Bantamweight
4333,Lightweight
4334,Light Heavyweight
4335,Welterweight
4336,Lightweight
4337,Heavyweight
4338,Featherweight
4339,Heavyweight
4340,Lightweight
4341,Lightweight
4342,Welterweight
4343,Featherweight
4344,Lightweight
4345,Welterweight
4346,Bantamweight
4347,Middleweight
4348,Welterweight
4349,Lightweight
4350,Lightweight
4351,Featherweight
4352,Middleweight
4353,Featherweight
4354,Welterweight
4355,Lightweight
4356,Welterweight
4357,Heavyweight
4358,Lightweight
4359,Lightweight
4360,Welterweight
4361,Middleweight
4362,Lightweight
4363,Welterweight
4364,Welterweight
4365,Lightweight
4366,Lightweight
4367,Light Heavyweight
4368,Middleweight
4369,Welterweight
4370,Featherweight
4371,Lightweight
4372,Featherweight
4373,Lightweight
4374,Bantamweight
4375,Featherweight
4376,Middleweight
4377,Light Heavyweight
4378,Welterweight
4379,Middleweight
4380,Light Heavyweight
4381,Lightweight
4382,Welterweight
4383,Middleweight
4384,Welterweight
4385,Lightweight
4386,Lightweight
4387,Lightweight
4388,Middleweight
4389,Lightweight
4390,Welterweight
4391,Light Heavyweight
4392,Welterweight
4393,Light Heavyweight
4394,Welterweight
4395,Middleweight
4396,Light Heavyweight
4397,Welterweight
4398,Heavyweight
4399,Welterweight
4400,Welterweight
4401,Light Heavyweight
4402,Heavyweight
4403,Middleweight
4404,Middleweight
4405,Welterweight
4406,Lightweight
4407,Middleweight
4408,Heavyweight
4409,Middleweight
4410,Welterweight
4411,Welterweight
4412,Welterweight
4413,Light Heavyweight
4414,Heavyweight
4415,Lightweight
4416,Lightweight
4417,Light Heavyweight
4418,Heavyweight
4419,Light Heavyweight
4420,Welterweight
4421,Lightweight
4422,Lightweight
4423,Middleweight
4424,Heavyweight
4425,Lightweight
4426,Lightweight
4427,Welterweight
4428,Heavyweight
4429,Middleweight
4430,Lightweight
4431,Lightweight
4432,Lightweight
4433,Lightweight
4434,Light Heavyweight
4435,Middleweight
4436,Middleweight
4437,Welterweight
4438,Welterweight
4439,Lightweight
4440,Heavyweight
4441,Middleweight
4442,Lightweight
4443,Welterweight
4444,Lightweight
4445,Lightweight
4446,Middleweight
4447,Welterweight
4448,Welterweight
4449,Middleweight
4450,Welterweight
4451,Lightweight
4452,Welterweight
4453,Heavyweight
4454,Welterweight
4455,Light Heavyweight
4456,Welterweight
4457,Light Heavyweight
4458,Heavyweight
4459,Welterweight
4460,Light Heavyweight
4461,Middleweight
4462,Welterweight
4463,Lightweight
4464,Lightweight
4465,Welterweight
4466,Light Heavyweight
4467,Middleweight
4468,Lightweight
4469,Middleweight
4470,Heavyweight
4471,Middleweight
4472,Welterweight
4473,Light Heavyweight
4474,Lightweight
4475,Heavyweight
4476,Light Heavyweight
4477,Middleweight
4478,Middleweight
4479,Welterweight
4480,Heavyweight
4481,Middleweight
4482,Light Heavyweight
4483,Middleweight
4484,Lightweight
4485,Middleweight
4486,Lightweight
4487,Middleweight
4488,Middleweight
4489,Middleweight
4490,Heavyweight
4491,Light Heavyweight
4492,Heavyweight
4493,Welterweight
4494,Heavyweight
4495,Welterweight
4496,Lightweight
4497,Lightweight
4498,Middleweight
4499,Welterweight
4500,Welterweight
4501,Welterweight
4502,Light Heavyweight
4503,Middleweight
4504,Heavyweight
4505,Light Heavyweight
4506,Welterweight
4507,Welterweight
4508,Lightweight
4509,Lightweight
4510,Light Heavyweight
4511,Lightweight
4512,Middleweight
4513,Light Heavyweight
4514,Welterweight
4515,Lightweight
4516,Heavyweight
4517,Middleweight
4518,Middleweight
4519,Welterweight
4520,Welterweight
4521,Heavyweight
4522,Welterweight
4523,Middleweight
4524,Middleweight
4525,Lightweight
4526,Welterweight
4527,Lightweight
4528,Middleweight
4529,Light Heavyweight
4530,Welterweight
4531,Welterweight
4532,Lightweight
4533,Heavyweight
4534,Lightweight
4535,Heavyweight
4536,Middleweight
4537,Lightweight
4538,Lightweight
4539,Lightweight
4540,Lightweight
4541,Lightweight
4542,Middleweight
4543,Middleweight
4544,Welterweight
4545,Welterweight
4546,Heavyweight
4547,Lightweight
4548,Welterweight
4549,Lightweight
4550,Welterweight
4551,Welterweight
4552,Middleweight
4553,Light Heavyweight
4554,Welterweight
4555,Light Heavyweight
4556,Heavyweight
4557,Heavyweight
4558,Middleweight
4559,Lightweight
4560,Light Heavyweight
4561,Lightweight
4562,Welterweight
4563,Heavyweight
4564,Welterweight
4565,Light Heavyweight
