,country
0,USA
1,USA
2,USA
3,USA
4,USA
5,USA
7,USA
8,United Arab Emirates
9,United Arab Emirates
11,United Arab Emirates
13,United Arab Emirates
15,United Arab Emirates
16,United Arab Emirates
17,United Arab Emirates
18,United Arab Emirates
19,United Arab Emirates
20,United Arab Emirates
22,United Arab Emirates
23,United Arab Emirates
24,United Arab Emirates
25,United Arab Emirates
26,United Arab Emirates
27,United Arab Emirates
28,United Arab Emirates
29,United Arab Emirates
30,United Arab Emirates
32,United Arab Emirates
33,United Arab Emirates
34,United Arab Emirates
35,United Arab Emirates
36,United Arab Emirates
38,United Arab Emirates
39,United Arab Emirates
41,United Arab Emirates
42,USA
43,USA
44,USA
45,USA
46,USA
47,USA
49,USA
51,USA
52,USA
53,USA
54,USA
56,USA
57,USA
58,USA
59,USA
60,USA
62,USA
63,USA
64,USA
65,USA
66,USA
67,USA
68,USA
69,USA
70,USA
71,USA
72,USA
73,USA
74,USA
76,USA
77,USA
79,USA
80,USA
81,USA
83,USA
85,USA
86,USA
87,USA
89,USA
90,USA
91,USA
92,USA
93,USA
94,USA
96,USA
98,USA
100,USA
101,USA
102,USA
103,USA
104,USA
106,USA
107,USA
108,USA
109,USA
110,USA
111,USA
112,USA
113,USA
114,USA
115,USA
116,USA
117,USA
118,USA
119,USA
120,USA
121,USA
122,USA
123,United Arab Emirates
124,United Arab Emirates
125,United Arab Emirates
126,United Arab Emirates
128,United Arab Emirates
129,United Arab Emirates
130,United Arab Emirates
131,United Arab Emirates
133,United Arab Emirates
134,United Arab Emirates
136,United Arab Emirates
137,United Arab Emirates
138,United Arab Emirates
139,United Arab Emirates
141,United Arab Emirates
142,United Arab Emirates
143,United Arab Emirates
144,United Arab Emirates
145,United Arab Emirates
146,United Arab Emirates
147,United Arab Emirates
148,United Arab Emirates
149,United Arab Emirates
150,United Arab Emirates
151,United Arab Emirates
152,United Arab Emirates
153,United Arab Emirates
154,United Arab Emirates
155,United Arab Emirates
157,United Arab Emirates
159,United Arab Emirates
161,United Arab Emirates
162,United Arab Emirates
163,United Arab Emirates
164,United Arab Emirates
166,United Arab Emirates
167,United Arab Emirates
168,United Arab Emirates
169,United Arab Emirates
170,United Arab Emirates
172,United Arab Emirates
173,United Arab Emirates
174,United Arab Emirates
175,United Arab Emirates
176,United Arab Emirates
177,United Arab Emirates
178,United Arab Emirates
179,USA
180,USA
181,USA
183,USA
184,USA
185,USA
188,USA
189,USA
190,USA
191,USA
193,USA
195,USA
196,USA
198,USA
199,USA
200,USA
201,USA
202,USA
204,USA
205,USA
206,USA
207,USA
208,USA
210,USA
211,USA
212,USA
214,USA
215,USA
217,USA
218,USA
220,USA
221,USA
222,USA
224,USA
226,USA
227,USA
228,USA
229,USA
230,USA
231,USA
232,USA
233,USA
234,USA
237,USA
238,USA
239,USA
240,USA
241,USA
242,USA
244,USA
245,USA
246,USA
247,USA
248,USA
249,USA
250,USA
251,USA
252,USA
254,USA
255,USA
256,USA
257,USA
258,USA
259,United Arab Emirates
260,United Arab Emirates
261,United Arab Emirates
263,United Arab Emirates
264,United Arab Emirates
265,United Arab Emirates
266,United Arab Emirates
267,United Arab Emirates
268,United Arab Emirates
269,United Arab Emirates
270,United Arab Emirates
272,United Arab Emirates
273,United Arab Emirates
274,United Arab Emirates
275,United Arab Emirates
276,United Arab Emirates
278,United Arab Emirates
279,United Arab Emirates
280,United Arab Emirates
281,United Arab Emirates
282,United Arab Emirates
283,United Arab Emirates
284,United Arab Emirates
285,United Arab Emirates
286,United Arab Emirates
287,United Arab Emirates
288,United Arab Emirates
290,United Arab Emirates
291,United Arab Emirates
292,United Arab Emirates
293,United Arab Emirates
294,United Arab Emirates
296,United Arab Emirates
297,United Arab Emirates
298,United Arab Emirates
299,United Arab Emirates
302,United Arab Emirates
303,United Arab Emirates
304,United Arab Emirates
305,United Arab Emirates
306,United Arab Emirates
307,United Arab Emirates
309,United Arab Emirates
310,USA
311,USA
312,USA
313,USA
314,USA
316,USA
317,USA
318,USA
320,USA
321,USA
322,USA
324,USA
325,USA
326,USA
328,USA
330,USA
332,USA
334,USA
335,USA
336,USA
337,USA
339,USA
341,USA
342,USA
344,USA
345,USA
346,USA
347,USA
348,USA
349,USA
350,USA
351,USA
352,USA
353,USA
354,USA
355,USA
356,USA
357,USA
358,USA
361,USA
362,USA
363,USA
364,USA
365,USA
366,USA
368,USA
369,USA
370,USA
371,USA
372,USA
373,USA
374,USA
376,USA
377,USA
378,USA
379,USA
380,USA
381,USA
382,USA
384,USA
385,USA
386,USA
387,USA
388,USA
389,USA
390,USA
391,USA
393,USA
394,USA
395,USA
396,USA
397,USA
398,USA
399,Brazil
400,Brazil
401,Brazil
402,Brazil
403,Brazil
404,Brazil
406,Brazil
408,Brazil
410,USA
412,USA
413,USA
414,USA
415,USA
416,USA
417,USA
418,USA
419,USA
420,USA
421, USA
423, USA
425, USA
426, USA
427, USA
428, USA
429, USA
430, USA
431, USA
432, USA
433, New Zealand
434, New Zealand
436, New Zealand
437, New Zealand
438, New Zealand
439, New Zealand
440, New Zealand
441, New Zealand
442, New Zealand
445, USA
446, USA
447, USA
448, USA
449, USA
450, USA
451, USA
452, USA
453, USA
454, USA
456, USA
457, USA
458, USA
459, USA
461, USA
462, USA
464, USA
465, USA
467, USA
468, USA
470, USA
471, USA
472, USA
473, USA
474, USA
476, USA
477, USA
478, USA
480, USA
481, USA
483, USA
484, USA
485, USA
486, USA
487, USA
488, USA
489, USA
490, USA
492, USA
494, USA
495, USA
496, USA
497, USA
498, USA
500, USA
501, USA
503, USA
504, USA
505, USA
506, USA
507, USA
508, USA
509, USA
510, USA
512, USA
514, USA
515, USA
516, USA
517, Canada
519, Canada
520, Canada
521, Canada
523, Canada
524, Canada
525, Canada
527, Canada
528, USA
529, USA
530, USA
531, USA
532, USA
533, USA
534, USA
536, USA
538, USA
540, USA
542, USA
543, USA
544, USA
545, USA
546, USA
548, USA
549, USA
550, USA
551, USA
553, Uruguay
554, Uruguay
555, Uruguay
556, Uruguay
557, Uruguay
558, Uruguay
559, Uruguay
561, Uruguay
562, Uruguay
563, Uruguay
565, USA
566, USA
567, USA
568, USA
569, USA
570, USA
571, USA
572, USA
573, USA
575, USA
578, China
579, China
580, China
582, China
583, China
584, China
585, China
586, China
588, United Arab Emirates
589, United Arab Emirates
590, United Arab Emirates
591, United Arab Emirates
592, United Arab Emirates
595, United Arab Emirates
596, United Arab Emirates
597, United Arab Emirates
598, United Arab Emirates
599, United Arab Emirates
600, Canada
601, Canada
602, Canada
603, Canada
604, Canada
605, Canada
606, Canada
607, Canada
608, Canada
609, Canada
610, Canada
613, Mexico
614, Mexico
615, Mexico
617, Mexico
618, Mexico
620, Mexico
621, Denmark
622, Denmark
623, Denmark
624, Denmark
625, Denmark
626, Denmark
627, Denmark
628, Denmark
629, Denmark
630, Denmark
632, Denmark
633, Denmark
634, Australia
635, Australia
636, Australia
637, Australia
638, Australia
639, Australia
640, Australia
641, Australia
644, Australia
645, USA
646, USA
647, USA
649, USA
650, USA
651, USA
653, USA
655, USA
656, USA
658, USA
659, USA
661, USA
662, USA
663, USA
664, USA
665, USA
666, USA
667, USA
668, USA
669, USA
671, USA
672, USA
673, USA
675, USA
676, USA
678, USA
679, USA
680, USA
681, USA
682, USA
683, Singapore
684, Singapore
685, Singapore
686, Singapore
687, Singapore
689, Singapore
690, Singapore
691, Singapore
693, Singapore
694, USA
696, USA
697, USA
699, USA
700, USA
701, USA
702, USA
703, USA
705, USA
706, USA
707, USA
708, USA
709, USA
710, USA
711, USA
712, USA
713, USA
715, USA
716, USA
717, Russia
718, Russia
719, Russia
720, Russia
721, Russia
722, Russia
723, Russia
724, Russia
725, Russia
726, Russia
727, Russia
729, Russia
730, Brazil
731, Brazil
732, Brazil
733, Brazil
734, Brazil
735, Brazil
736, Brazil
737, Brazil
738, Brazil
741, South Korea
742, South Korea
743, South Korea
744, South Korea
745, South Korea
746, South Korea
747, South Korea
748, South Korea
749, South Korea
750, South Korea
751, South Korea
753, South Korea
754, USA
755, USA
757, USA
758, USA
759, USA
761, USA
762, USA
763, USA
764, USA
766, USA
767, USA
768, USA
770, USA
771, USA
772, USA
773, USA
774, USA
776, USA
777, USA
779, USA
780, USA
781, USA
783, USA
785, USA
787, USA
788, USA
790, Sweden
791, Sweden
792, Sweden
793, Sweden
794, Sweden
795, Sweden
797, Sweden
798, Sweden
800, Sweden
801, Sweden
802, USA
803, USA
805, USA
806, USA
807, USA
809, USA
810, USA
811, USA
812, USA
813, USA
814, USA
816, Brazil
817, Brazil
818, Brazil
820, Brazil
821, Brazil
822, Brazil
823, Brazil
825, Brazil
827, Canada
828, Canada
829, Canada
830, Canada
831, Canada
832, Canada
834, Canada
835, Canada
836, Canada
837, Canada
838, Canada
839, USA
840, USA
841, USA
842, USA
843, USA
844, USA
845, USA
846, USA
848, USA
849, USA
851, USA
852, Russia
853, Russia
854, Russia
856, Russia
857, Russia
858, Russia
859, Russia
860, Russia
861, Russia
862, Russia
863, USA
864, USA
865, USA
866, USA
867, USA
868, USA
869, USA
870, USA
871, USA
872, USA
873, USA
875, USA
876, USA
877, USA
878, USA
880, USA
881, USA
883, USA
884, USA
885, USA
886, USA
888, USA
889, USA
890, USA
891, USA
892, USA
893, USA
895, USA
896, USA
899, USA
900, USA
901, United Kingdom
902, United Kingdom
903, United Kingdom
904, United Kingdom
905, United Kingdom
906, United Kingdom
907, United Kingdom
908, United Kingdom
909, United Kingdom
910, United Kingdom
912, United Kingdom
913, USA
914, USA
915, USA
916, USA
917, USA
918, USA
919, USA
921, USA
922, USA
923, USA
924, USA
925, USA
926, USA
927, USA
928, USA
930, USA
931, USA
932, USA
933, USA
934, USA
935, USA
938, Czech Republic
939, Czech Republic
940, Czech Republic
942, Czech Republic
943, Czech Republic
944, Czech Republic
945, Czech Republic
947, Czech Republic
948, Czech Republic
949, Czech Republic
950, Czech Republic
951, USA
952, USA
954, USA
955, USA
956, USA
957, USA
958, USA
960, USA
961, USA
963, Australia
964, Australia
965, Australia
967, Australia
968, Australia
969, Australia
970, Australia
971, Australia
972, Australia
973, Australia
974, Brazil
975, Brazil
976, Brazil
977, Brazil
978, Brazil
980, Brazil
982, Brazil
983, Brazil
984, Brazil
985, Brazil
986, Brazil
987, USA
988, USA
989, USA
990, USA
992, USA
993, USA
995, USA
996, USA
997, USA
998, USA
999, USA
1000, USA
1002, USA
1003, USA
1004, USA
1006, USA
1007, USA
1008, USA
1009, USA
1010, USA
1011, USA
1012, USA
1013, USA
1014, USA
1015, USA
1016, USA
1017, USA
1018, USA
1019, USA
1020, USA
1021, USA
1022, USA
1023, USA
1024, Canada
1026, Canada
1027, Canada
1028, Canada
1030, Canada
1032, Canada
1033, Canada
1034, Canada
1035, Canada
1036, Canada
1037, Australia
1038, Australia
1039, Australia
1040, Australia
1041, Australia
1042, Australia
1043, Australia
1044, Australia
1045, Australia
1046, Australia
1047, Australia
1048, Australia
1049, USA
1050, USA
1052, USA
1053, USA
1055, USA
1056, USA
1057, USA
1059, USA
1060, USA
1061, USA
1062, China
1063, China
1064, China
1065, China
1066, China
1068, China
1070, China
1072, China
1073, China
1074, Argentina
1075, Argentina
1076, Argentina
1077, Argentina
1078, Argentina
1080, Argentina
1081, Argentina
1082, Argentina
1083, Argentina
1084, Argentina
1085, Argentina
1086, USA
1087, USA
1089, USA
1091, USA
1093, USA
1094, USA
1095, USA
1096, USA
1097, USA
1098, USA
1099, USA
1100, USA
1101, USA
1102, USA
1103, USA
1105, USA
1106, USA
1107, USA
1108, USA
1109, Canada
1110, Canada
1111, Canada
1112, Canada
1113, Canada
1114, Canada
1115, Canada
1116, Canada
1117, Canada
1119, Canada
1120, Canada
1121, Canada
1122, USA
1123, USA
1124, USA
1125, USA
1127, USA
1128, USA
1130, USA
1132, USA
1133, USA
1134, Brazil
1135, Brazil
1136, Brazil
1137, Brazil
1138, Brazil
1139, Brazil
1140, Brazil
1141, Brazil
1142, Brazil
1144, Brazil
1145, Brazil
1147, Russia
1148, Russia
1149, Russia
1150, Russia
1151, Russia
1152, Russia
1153, Russia
1154, Russia
1155, Russia
1156, Russia
1157, Russia
1158, Russia
1159, USA
1161, USA
1162, USA
1163, USA
1165, USA
1166, USA
1167, USA
1168, USA
1169, USA
1171, USA
1172, USA
1173, USA
1175, USA
1176, USA
1177, USA
1178, USA
1179, USA
1180, USA
1181, USA
1183, USA
1184, USA
1185, USA
1186, USA
1187, USA
1189, USA
1190, USA
1191, USA
1192, USA
1193, USA
1194, USA
1196, USA
1197, Canada
1198, Canada
1200, Canada
1201, Canada
1202, Canada
1203, Canada
1204, Canada
1205, Canada
1207, Canada
1209, Canada
1210, Germany
1211, Germany
1212, Germany
1213, Germany
1214, Germany
1215, Germany
1216, Germany
1217, Germany
1218, Germany
1219, Germany
1220, Germany
1221, Germany
1222, Germany
1223, USA
1224, USA
1225, USA
1226, USA
1227, USA
1229, USA
1230, USA
1231, USA
1232, USA
1234, USA
1236, USA
1237, USA
1238, USA
1239, USA
1240, USA
1241, USA
1242, USA
1243, USA
1244, USA
1245, USA
1247, USA
1248, USA
1249, USA
1250, USA
1252, USA
1254, USA
1255, USA
1256, USA
1257, USA
1258, USA
1259, Singapore
1260, Singapore
1262, Singapore
1263, Singapore
1264, Singapore
1265, Singapore
1266, Singapore
1267, Singapore
1269, Singapore
1270, Singapore
1272, USA
1273, USA
1275, USA
1276, USA
1277, USA
1279, USA
1280, USA
1281, USA
1282, USA
1283, USA
1284, USA
1285, USA
1286, USA
1287, USA
1288, USA
1289, USA
1290, USA
1292, USA
1293, USA
1294, USA
1295, USA
1296, USA
1297, United Kingdom
1298, United Kingdom
1299, United Kingdom
1300, United Kingdom
1301, United Kingdom
1302, United Kingdom
1303, United Kingdom
1305, United Kingdom
1307, United Kingdom
1308, Chile
1310, Chile
1311, Chile
1313, Chile
1314, Chile
1315, Chile
1317, Chile
1318, Chile
1319, Chile
1320, Chile
1322, Brazil
1324, Brazil
1325, Brazil
1326, Brazil
1327, Brazil
1328, Brazil
1329, Brazil
1330, Brazil
1331, Brazil
1332, Brazil
1333, Brazil
1334, USA
1335, USA
1336, USA
1337, USA
1338, USA
1339, USA
1340, USA
1341, USA
1342, USA
1343, USA
1344, USA
1345, USA
1346, USA
1347, USA
1349, USA
1350, USA
1351, USA
1352, USA
1353, USA
1355, USA
1356, USA
1357, USA
1358, USA
1359, USA
1361, USA
1362, USA
1363, USA
1365, USA
1367, USA
1368, United Kingdom
1369, United Kingdom
1370, United Kingdom
1371, United Kingdom
1372, United Kingdom
1373, United Kingdom
1374, United Kingdom
1375, United Kingdom
1376, United Kingdom
1377, United Kingdom
1379, USA
1380, USA
1381, USA
1384, USA
1385, USA
1386, USA
1387, USA
1388, USA
1389, USA
1390, USA
1392, USA
1393, USA
1394, USA
1397, USA
1398, USA
1399, USA
1400, USA
1401, USA
1402, USA
1403, USA
1404, USA
1405, USA
1406, USA
1407, USA
1408, USA
1409, USA
1410, USA
1412, USA
1413, USA
1414, Australia
1415, Australia
1416, Australia
1417, Australia
1418, Australia
1419, Australia
1420, Australia
1421, Australia
1422, Australia
1423, Australia
1424, Australia
1425, Australia
1426, Brazil
1428, Brazil
1429, Brazil
1430, Brazil
1431, Brazil
1432, Brazil
1433, Brazil
1435, Brazil
1436, Brazil
1437, USA
1438, USA
1439, USA
1440, USA
1441, USA
1442, USA
1446, USA
1447, USA
1448, USA
1449, USA
1450, USA
1451, USA
1452, USA
1453, USA
1454, USA
1455, USA
1456, USA
1457, USA
1458, USA
1459, USA
1460, USA
1462, USA
1463, USA
1464, USA
1465, USA
1467, USA
1470, USA
1472, USA
1473, USA
1475, USA
1476, USA
1477, USA
1478, USA
1479, Canada
1480, Canada
1481, Canada
1482, Canada
1483, Canada
1484, Canada
1485, Canada
1486, Canada
1487, Canada
1488, Canada
1489, Canada
1490, USA
1491, USA
1492, USA
1493, USA
1494, USA
1495, USA
1497, USA
1498, USA
1499, USA
1500, USA
1501, USA
1502, USA
1503, USA
1504, USA
1505, USA
1506, USA
1508, USA
1509, USA
1510, USA
1513, USA
1514, USA
1515, USA
1517, USA
1519, USA
1520, USA
1522, USA
1526, China
1527, China
1528, China
1529, China
1530, China
1531, China
1533, China
1534, China
1536, China
1537, China
1538, Australia
1540, Australia
1541, Australia
1542, Australia
1543, Australia
1544, Australia
1545, Australia
1546, Australia
1547, Australia
1549, Australia
1550, Australia
1551, USA
1552, USA
1553, USA
1554, USA
1555, USA
1556, USA
1557, USA
1559, USA
1561, USA
1562, USA
1563, USA
1564, USA
1565, USA
1567, USA
1568, USA
1569, USA
1570, USA
1571, USA
1572, USA
1573, USA
1574, USA
1575, Brazil
1576, Brazil
1577, Brazil
1578, Brazil
1579, Brazil
1580, Brazil
1581, Brazil
1582, Brazil
1583, Brazil
1584, Brazil
1585, Brazil
1586, Brazil
1587, Poland
1589, Poland
1590, Poland
1591, Poland
1592, Poland
1593, Poland
1594, Poland
1595, Poland
1597, Poland
1598, USA
1599, USA
1600, USA
1602, USA
1604, USA
1605, USA
1606, USA
1607, Japan
1609, Japan
1610, Japan
1611, Japan
1612, Japan
1613, Japan
1615, Japan
1616, Japan
1617, USA
1618, USA
1619, USA
1620, USA
1621, USA
1622, USA
1623, USA
1624, USA
1625, USA
1626, USA
1628, Canada
1629, Canada
1630, Canada
1631, Canada
1634, Canada
1635, Canada
1636, Canada
1637, Canada
1638, Netherlands
1639, Netherlands
1641, Netherlands
1642, Netherlands
1643, Netherlands
1644, Netherlands
1645, Netherlands
1646, Netherlands
1647, Netherlands
1648, Netherlands
1649, Netherlands
1650, Mexico
1652, Mexico
1653, Mexico
1654, Mexico
1655, Mexico
1656, Mexico
1657, Mexico
1658, Mexico
1659, Mexico
1660, Mexico
1661, Mexico
1662, USA
1664, USA
1665, USA
1666, USA
1667, USA
1668, USA
1669, USA
1671, USA
1672, USA
1673, USA
1674, USA
1675, USA
1676, USA
1677, USA
1678, USA
1679, USA
1680, USA
1681, USA
1682, USA
1683, USA
1684, USA
1685, USA
1686, United Kingdom
1688, United Kingdom
1689, United Kingdom
1690, United Kingdom
1691, United Kingdom
1692, United Kingdom
1693, United Kingdom
1694, United Kingdom
1695, United Kingdom
1696, United Kingdom
1698, USA
1699, USA
1700, USA
1701, USA
1702, USA
1703, USA
1704, USA
1705, USA
1706, USA
1707, USA
1708, USA
1709, USA
1710, USA
1711, USA
1712, USA
1713, USA
1715, USA
1716, USA
1718, USA
1719, USA
1720, USA
1722, USA
1723, USA
1724, USA
1725, USA
1726, USA
1727, USA
1728, USA
1729, USA
1731, Singapore
1732, Singapore
1733, Singapore
1734, Singapore
1735, Singapore
1736, Singapore
1737, Singapore
1738, Singapore
1739, Singapore
1741, New Zealand
1742, New Zealand
1743, New Zealand
1744, New Zealand
1745, New Zealand
1746, New Zealand
1747, New Zealand
1748, New Zealand
1749, New Zealand
1750, New Zealand
1752, Brazil
1754, Brazil
1755, Brazil
1756, Brazil
1757, Brazil
1758, Brazil
1759, Brazil
1761, Brazil
1762, Sweden
1763, Sweden
1764, Sweden
1765, Sweden
1766, Sweden
1767, Sweden
1768, Sweden
1769, Sweden
1770, Sweden
1771, Sweden
1772, Sweden
1773, Sweden
1774, USA
1776, USA
1777, USA
1778, USA
1779, USA
1780, USA
1781, USA
1783, USA
1784, USA
1785, USA
1786, USA
1787, USA
1788, USA
1789, USA
1790, USA
1791, USA
1792, USA
1793, USA
1796, USA
1797, USA
1798, USA
1800, USA
1801, USA
1802, USA
1803, USA
1804, USA
1805, USA
1806, USA
1807, USA
1808, USA
1809, USA
1811, USA
1812, USA
1814, USA
1815, USA
1816, USA
1817, USA
1818, USA
1819, USA
1820, USA
1821, USA
1823, USA
1824, United Kingdom
1825, United Kingdom
1826, United Kingdom
1827, United Kingdom
1828, United Kingdom
1829, United Kingdom
1830, United Kingdom
1831, United Kingdom
1832, United Kingdom
1833, United Kingdom
1835, Brazil
1836, Brazil
1837, Brazil
1838, Brazil
1839, Brazil
1840, Brazil
1841, Brazil
1842, Brazil
1843, Brazil
1844, Brazil
1845, USA
1846, USA
1847, USA
1849, USA
1850, USA
1851, USA
1852, USA
1853, USA
1854, USA
1855, USA
1856, Canada
1857, Canada
1858, Canada
1859, Canada
1861, Canada
1862, Canada
1864, Canada
1865, Canada
1866, Canada
1868, USA
1869, USA
1870, USA
1871, USA
1872, USA
1873, USA
1874, USA
1875, USA
1876, USA
1877, USA
1879, USA
1880, USA
1881, USA
1883, USA
1884, USA
1886, USA
1888, USA
1889, USA
1890, USA
1891, USA
1892, USA
1893, USA
1894, USA
1895, USA
1896, USA
1897, USA
1898, USA
1899, USA
1900, USA
1901, USA
1902, USA
1903, USA
1904, USA
1905, USA
1906, USA
1908, USA
1909, USA
1910, USA
1912, USA
1913, USA
1914, USA
1915, USA
1916, USA
1917, USA
1918, USA
1919, USA
1921, USA
1922, USA
1923, USA
1924, USA
1925, USA
1926, USA
1927, USA
1928, USA
1930, USA
1931, USA
1932, USA
1933, Canada
1934, Canada
1935, Canada
1936, Canada
1937, Canada
1938, Canada
1939, Canada
1941, Canada
1942, Canada
1943, Canada
1944, Canada
1945, USA
1946, USA
1947, USA
1948, USA
1950, USA
1951, USA
1952, USA
1953, USA
1954, USA
1955, USA
1957, USA
1958, USA
1959, USA
1960, USA
1962, USA
1963, USA
1964, USA
1965, USA
1967, USA
1968, USA
1969, Australia
1970, Australia
1971, Australia
1972, Australia
1973, Australia
1975, Australia
1976, Australia
1977, Australia
1978, Australia
1979, Australia
1980, Australia
1981, Australia
1982, Brazil
1983, Brazil
1985, Brazil
1986, Brazil
1987, Brazil
1988, Brazil
1989, Brazil
1990, Brazil
1991, Brazil
1992, Brazil
1993, United Kingdom
1994, United Kingdom
1995, United Kingdom
1996, United Kingdom
1997, United Kingdom
1998, United Kingdom
1999, United Kingdom
2001, United Kingdom
2002, United Kingdom
2004, United Kingdom
2005, United Kingdom
2006, USA
2008, USA
2010, USA
2011, USA
2012, USA
2013, USA
2014, USA
2016, Mexico
2017, Mexico
2018, Mexico
2019, Mexico
2020, Mexico
2022, Mexico
2023, Mexico
2024, Mexico
2025, Mexico
2026, Mexico
2027, Mexico
2028, Mexico
2029, United Kingdom
2030, United Kingdom
2031, United Kingdom
2032, United Kingdom
2033, United Kingdom
2034, United Kingdom
2035, United Kingdom
2036, United Kingdom
2037, United Kingdom
2038, United Kingdom
2039, United Kingdom
2040, USA
2041, USA
2042, USA
2043, USA
2044, USA
2045, USA
2046, USA
2047, USA
2048, USA
2049, USA
2050, USA
2052, Brazil
2053, Brazil
2054, Brazil
2055, Brazil
2056, Brazil
2057, Brazil
2058, Brazil
2059, Brazil
2060, Brazil
2061, Brazil
2062, Brazil
2063, Brazil
2064, Brazil
2065, USA
2066, USA
2067, USA
2068, USA
2069, USA
2070, USA
2071, USA
2072, USA
2073, USA
2074, USA
2075, USA
2076, USA
2077, USA
2078, USA
2079, USA
2082, USA
2083, USA
2084, USA
2085, USA
2086, Germany
2087, Germany
2088, Germany
2089, Germany
2090, Germany
2091, Germany
2093, Germany
2094, Germany
2095, Germany
2096, Canada
2097, Canada
2099, Canada
2100, Canada
2101, Canada
2102, Canada
2103, Canada
2104, Canada
2105, Canada
2106, USA
2107, USA
2108, USA
2109, USA
2110, USA
2111, USA
2113, USA
2115, USA
2116, USA
2117, USA
2118, USA
2119, USA
2120, USA
2121, USA
2122, USA
2124, USA
2125, USA
2126, USA
2127, USA
2128, USA
2129, USA
2130, USA
2132, USA
2133, USA
2134, USA
2135, USA
2136, USA
2137, USA
2138, USA
2139, USA
2141, USA
2142, USA
2144, USA
2145, USA
2146, USA
2147, USA
2148, USA
2149, USA
2150, USA
2151, USA
2152, USA
2153, USA
2154, USA
2155, USA
2156, USA
2158, USA
2160, USA
2161, USA
2162, USA
2164, USA
2165, USA
2166, USA
2168, USA
2169, USA
2170, USA
2171, USA
2172, USA
2173, USA
2175, USA
2177, USA
2178, USA
2179, USA
2180, USA
2181, USA
2182, USA
2183, USA
2184, USA
2185, USA
2186, USA
2187, USA
2188, USA
2189, USA
2190, USA
2191, USA
2192, USA
2193, USA
2194, USA
2195, USA
2196, USA
2197, USA
2198, Canada
2199, Canada
2200, Canada
2201, Canada
2203, Canada
2204, Canada
2205, Canada
2206, Canada
2207, Canada
2209, Canada
2210, Canada
2211, USA
2212, USA
2213, USA
2214, USA
2215, USA
2216, USA
2217, USA
2219, USA
2220, USA
2221, USA
2222, USA
2223, USA
2224, USA
2225, USA
2226, USA
2227, USA
2228, USA
2230, USA
2231, USA
2232, USA
2233, USA
2234, USA
2235, Brazil
2236, Brazil
2237, Brazil
2238, Brazil
2239, Brazil
2240, Brazil
2241, Brazil
2242, Brazil
2243, Brazil
2244, Brazil
2245, Brazil
2246, Netherlands
2247, Netherlands
2248, Netherlands
2250, Netherlands
2252, Netherlands
2253, Netherlands
2254, Netherlands
2255, Netherlands
2256, Netherlands
2257, Netherlands
2258, Netherlands
2259, USA
2260, USA
2261, USA
2262, USA
2263, USA
2264, USA
2265, USA
2267, USA
2268, USA
2269, USA
2270, USA
2271, USA
2273, USA
2274, USA
2275, USA
2277, USA
2278, USA
2279, USA
2280, USA
2281, USA
2282, Croatia
2283, Croatia
2284, Croatia
2285, Croatia
2286, Croatia
2288, Croatia
2289, Croatia
2290, Croatia
2291, Croatia
2292, Croatia
2293, Croatia
2294, Croatia
2295, Australia
2296, Australia
2297, Australia
2298, Australia
2299, Australia
2301, Australia
2302, Australia
2304, Australia
2305, Australia
2306, Australia
2307, USA
2309, USA
2310, USA
2312, USA
2313, USA
2314, USA
2315, USA
2316, USA
2317, USA
2318, USA
2319, United Kingdom
2320, United Kingdom
2321, United Kingdom
2322, United Kingdom
2323, United Kingdom
2324, United Kingdom
2325, United Kingdom
2326, United Kingdom
2327, United Kingdom
2328, United Kingdom
2329, United Kingdom
2330, United Kingdom
2331, United Kingdom
2332, USA
2333, USA
2334, USA
2335, USA
2336, USA
2337, USA
2338, USA
2339, USA
2340, USA
2341, USA
2344, USA
2345, USA
2346, USA
2347, USA
2348, USA
2349, USA
2350, USA
2351, USA
2352, USA
2353, USA
2354, USA
2355, USA
2356, USA
2357, USA
2358, USA
2359, USA
2360, USA
2361, USA
2362, USA
2363, USA
2364, USA
2365, USA
2366, USA
2367, USA
2368, USA
2369, USA
2370, USA
2371, USA
2372, USA
2373, USA
2374, USA
2375, USA
2376, USA
2377, USA
2378, USA
2379, USA
2380, USA
2381, USA
2382, USA
2383, USA
2384, USA
2385, USA
2386, USA
2387, USA
2388, USA
2390, USA
2391, USA
2392, USA
2393, USA
2394, USA
2395, USA
2396, USA
2398, USA
2399, USA
2401, USA
2402, USA
2403, USA
2404, USA
2405, USA
2406, USA
2407, USA
2408, USA
2409, USA
2410, USA
2411, USA
2413, USA
2414, USA
2415, USA
2416, USA
2417, USA
2418, USA
2419, USA
2420, USA
2421, USA
2422, USA
2423, USA
2424, USA
2425, USA
2426, USA
2427, USA
2429, USA
2430, USA
2431, USA
2432, USA
2433, USA
2434, USA
2435, USA
2436, USA
2437, USA
2439, South Korea
2440, South Korea
2441, South Korea
2442, South Korea
2443, South Korea
2444, South Korea
2445, South Korea
2447, South Korea
2448, South Korea
2449, South Korea
2450, Mexico
2451, Mexico
2452, Mexico
2453, Mexico
2454, Mexico
2455, Mexico
2456, Mexico
2457, Mexico
2458, Mexico
2459, Mexico
2460, Mexico
2461, Mexico
2462, Mexico
2465, Australia
2466, Australia
2467, Australia
2468, Australia
2469, Australia
2470, Australia
2471, Australia
2472, Australia
2473, Australia
2474, Australia
2475, Australia
2476, Brazil
2477, Brazil
2478, Brazil
2479, Brazil
2480, Brazil
2481, Brazil
2482, Brazil
2483, Brazil
2484, Brazil
2485, Brazil
2486, Brazil
2487, Brazil
2488, Brazil
2489, Ireland
2490, Ireland
2491, Ireland
2492, Ireland
2494, Ireland
2495, Ireland
2496, Ireland
2497, Ireland
2498, USA
2499, USA
2500, USA
2501, USA
2503, USA
2504, USA
2505, USA
2507, USA
2508, USA
2509, USA
2510, Japan
2511, Japan
2512, Japan
2513, Japan
2514, Japan
2515, Japan
2516, Japan
2517, Japan
2518, Japan
2519, USA
2520, USA
2521, USA
2522, USA
2524, USA
2525, USA
2527, USA
2528, USA
2529, USA
2530, Canada
2531, Canada
2532, Canada
2533, Canada
2534, Canada
2536, Canada
2537, Canada
2538, Canada
2539, Canada
2540, Canada
2541, Canada
2542, USA
2543, USA
2544, USA
2545, USA
2547, USA
2548, USA
2549, USA
2550, USA
2551, USA
2552, USA
2553, USA
2554, USA
2556, Brazil
2557, Brazil
2558, Brazil
2559, Brazil
2560, Brazil
2562, Brazil
2563, Brazil
2564, Brazil
2565, Brazil
2566, Brazil
2567, Brazil
2568, USA
2570, USA
2571, USA
2572, USA
2573, USA
2574, USA
2575, USA
2576, USA
2577, USA
2579, USA
2580, United Kingdom
2581, United Kingdom
2582, United Kingdom
2584, United Kingdom
2585, United Kingdom
2586, United Kingdom
2587, United Kingdom
2588, United Kingdom
2589, United Kingdom
2590, United Kingdom
2591, United Kingdom
2592, USA
2593, USA
2595, USA
2596, USA
2597, USA
2598, USA
2600, USA
2601, USA
2602, USA
2603, USA
2604, USA
2605, USA
2606, USA
2607, USA
2609, USA
2610, USA
2611, USA
2612, USA
2613, USA
2614, USA
2615, USA
2616, USA
2617, USA
2618, USA
2619, USA
2620, USA
2621, USA
2622, USA
2623, USA
2624, USA
2625, USA
2626, USA
2627, USA
2628, USA
2629, USA
2630, USA
2631, USA
2632, USA
2633, USA
2634, USA
2636, Germany
2637, Germany
2638, Germany
2639, Germany
2640, Germany
2641, Germany
2642, Germany
2643, Germany
2644, Germany
2645, Germany
2646, Mexico
2647, Mexico
2648, Mexico
2649, Mexico
2651, Mexico
2652, Mexico
2653, Mexico
2654, Mexico
2655, Mexico
2656, Mexico
2657, USA
2658, USA
2659, USA
2660, USA
2661, USA
2662, USA
2663, USA
2664, USA
2665, USA
2666, USA
2667, USA
2668, USA
2669, Brazil
2670, Brazil
2671, Brazil
2672, Brazil
2673, Brazil
2674, Brazil
2675, Brazil
2676, Brazil
2677, Brazil
2679, Brazil
2680, USA
2681, USA
2682, USA
2683, USA
2684, USA
2685, USA
2686, USA
2687, USA
2688, USA
2689, USA
2690, USA
2691, Philippines
2692, Philippines
2693, Philippines
2694, Philippines
2695, Philippines
2696, Philippines
2697, Philippines
2698, Philippines
2699, Philippines
2700, Philippines
2701, Philippines
2702, Philippines
2703, Australia
2704, Australia
2705, Australia
2706, Australia
2707, Australia
2708, Australia
2709, Australia
2711, Australia
2713, Australia
2714, Australia
2715, Canada
2716, Canada
2717, Canada
2718, Canada
2719, Canada
2720, Canada
2722, Canada
2723, Canada
2724, Canada
2727, USA
2728, USA
2729, USA
2731, USA
2732, USA
2733, USA
2734, USA
2735, USA
2736, USA
2737, USA
2738, Poland
2739, Poland
2740, Poland
2742, Poland
2743, Poland
2744, Poland
2745, Poland
2746, Poland
2748, Poland
2749, Poland
2750, USA
2751, USA
2752, USA
2754, USA
2755, USA
2757, USA
2758, USA
2759, USA
2760, Brazil
2761, Brazil
2762, Brazil
2764, Brazil
2765, Brazil
2766, Brazil
2767, Brazil
2768, Brazil
2769, Brazil
2770, Brazil
2771, USA
2773, USA
2774, USA
2775, USA
2776, USA
2777, USA
2778, USA
2779, USA
2780, USA
2781, USA
2785, USA
2786, USA
2787, USA
2788, USA
2789, USA
2790, USA
2791, USA
2792, USA
2793, Brazil
2794, Brazil
2795, Brazil
2796, Brazil
2797, Brazil
2798, Brazil
2800, Brazil
2801, Brazil
2802, Brazil
2803, Brazil
2804, USA
2805, USA
2806, USA
2807, USA
2808, USA
2809, USA
2810, USA
2811, USA
2812, USA
2813, USA
2814, USA
2815, USA
2816, USA
2817, USA
2819, USA
2820, USA
2821, USA
2822, USA
2823, USA
2824, Sweden
2825, Sweden
2826, Sweden
2827, Sweden
2828, Sweden
2829, Sweden
2830, Sweden
2831, Sweden
2832, Sweden
2833, Sweden
2834, Sweden
2835, Sweden
2836, USA
2837, USA
2838, USA
2839, USA
2840, USA
2841, USA
2842, USA
2843, USA
2844, USA
2845, USA
2846, USA
2847, USA
2848, USA
2849, USA
2850, USA
2851, USA
2852, USA
2853, USA
2854, USA
2855, USA
2856, USA
2858, Brazil
2859, Brazil
2860, Brazil
2861, Brazil
2862, Brazil
2863, Brazil
2864, Brazil
2865, Brazil
2866, Brazil
2867, Brazil
2868, Brazil
2869, Brazil
2870, USA
2871, USA
2872, USA
2873, USA
2875, USA
2876, USA
2877, USA
2878, USA
2879, USA
2880, USA
2881, USA
2883, USA
2884, USA
2892, USA
2893, USA
2894, USA
2895, USA
2896, USA
2897, USA
2898, USA
2899, USA
2901, USA
2902, USA
2903, USA
2904, USA
2905, USA
2906, USA
2907, USA
2908, USA
2909, USA
2910, USA
2911, USA
2912, USA
2914, USA
2915, Mexico
2916, Mexico
2917, Mexico
2918, Mexico
2919, Mexico
2920, Mexico
2921, Mexico
2923, Mexico
2924, Mexico
2925, Mexico
2926, Brazil
2927, Brazil
2928, Brazil
2929, Brazil
2931, Brazil
2932, Brazil
2933, Brazil
2934, Brazil
2935, Brazil
2936, Australia
2937, Australia
2938, Australia
2939, Australia
2940, Australia
2941, Australia
2942, Australia
2943, Australia
2944, Australia
2945, Australia
2946, Australia
2947, Brazil
2948, Brazil
2949, Brazil
2950, Brazil
2951, Brazil
2952, Brazil
2953, Brazil
2954, Brazil
2955, Brazil
2956, Brazil
2957, Brazil
2958, Canada
2959, Canada
2960, Canada
2961, Canada
2962, Canada
2963, Canada
2964, Canada
2965, Canada
2966, Canada
2967, Canada
2968, Canada
2969, Sweden
2970, Sweden
2971, Sweden
2972, Sweden
2973, Sweden
2974, Sweden
2975, Sweden
2976, Sweden
2977, Sweden
2978, Sweden
2979, Sweden
2980, USA
2981, USA
2982, USA
2983, USA
2985, USA
2986, USA
2987, USA
2988, USA
2989, USA
2990, USA
2991, Japan
2992, Japan
2993, Japan
2995, Japan
2996, Japan
2997, Japan
2998, Japan
2999, Japan
3000, Japan
3001, Japan
3002, Japan
3003, Brazil
3004, Brazil
3005, Brazil
3006, Brazil
3007, Brazil
3009, Brazil
3010, Brazil
3011, Brazil
3012, Brazil
3013, Brazil
3014, USA
3015, USA
3016, USA
3017, USA
3018, USA
3019, USA
3020, USA
3021, USA
3022, USA
3023, USA
3024, USA
3026, USA
3027, USA
3028, USA
3029, USA
3030, USA
3031, USA
3032, USA
3033, USA
3034, USA
3035, USA
3036, USA
3037, USA
3038, USA
3039, USA
3040, USA
3041, USA
3042, China
3043, China
3044, China
3045, China
3046, China
3047, China
3048, China
3049, China
3050, China
3052, USA
3053, USA
3054, USA
3055, USA
3056, USA
3057, USA
3058, USA
3060, USA
3061, USA
3062, USA
3063, USA
3064, USA
3065, USA
3066, USA
3067, USA
3068, USA
3069, USA
3070, USA
3072, USA
3073, Ireland
3074, Ireland
3075, Ireland
3076, Ireland
3077, Ireland
3078, Ireland
3079, Ireland
3080, Ireland
3081, Ireland
3082, Ireland
3083, USA
3084, USA
3085, USA
3086, USA
3087, USA
3088, USA
3089, USA
3091, USA
3092, USA
3094, USA
3095, USA
3096, USA
3097, USA
3098, USA
3099, USA
3100, USA
3101, USA
3102, USA
3103, USA
3104, USA
3106, USA
3107, USA
3108, USA
3109, USA
3110, USA
3111, USA
3112, USA
3113, USA
3114, USA
3115, USA
3116, USA
3117, USA
3118, USA
3119, USA
3120, USA
3121, USA
3122, USA
3123, USA
3124, New Zealand
3125, New Zealand
3126, New Zealand
3127, New Zealand
3128, New Zealand
3129, New Zealand
3130, New Zealand
3131, New Zealand
3132, New Zealand
3133, New Zealand
3134, Canada
3135, Canada
3136, Canada
3137, Canada
3138, Canada
3139, Canada
3141, Canada
3142, Canada
3143, Canada
3144, Canada
3145, USA
3146, USA
3147, USA
3148, USA
3149, USA
3150, USA
3151, USA
3152, USA
3153, USA
3154, USA
3155, USA
3156, Brazil
3157, Brazil
3158, Brazil
3159, Brazil
3160, Brazil
3161, Brazil
3162, Brazil
3163, Brazil
3164, Brazil
3165, Brazil
3166, Brazil
3167, Brazil
3168, Germany
3169, Germany
3170, Germany
3171, Germany
3172, Germany
3173, Germany
3174, Germany
3175, Germany
3176, Germany
3177, Germany
3178, USA
3179, USA
3180, USA
3181, USA
3182, USA
3183, USA
3184, USA
3185, USA
3186, USA
3187, USA
3188, USA
3189, USA
3190, USA
3191, USA
3192, USA
3193, USA
3194, USA
3195, USA
3196, USA
3197, USA
3198, USA
3199, USA
3200, USA
3201, USA
3202, USA
3203, USA
3204, USA
3205, USA
3206, USA
3207, USA
3208, USA
3209, USA
3211, USA
3212, USA
3213, USA
3215, USA
3216, USA
3217, USA
3218, USA
3219, USA
3220, USA
3221, USA
3222, USA
3223, USA
3224, USA
3225, USA
3226, Canada
3227, Canada
3228, Canada
3229, Canada
3230, Canada
3231, Canada
3233, Canada
3234, Canada
3235, Canada
3236, Canada
3237, Canada
3238, Canada
3239, United Arab Emirates
3240, United Arab Emirates
3241, United Arab Emirates
3242, United Arab Emirates
3243, United Arab Emirates
3244, United Arab Emirates
3245, United Arab Emirates
3246, Brazil
3247, Brazil
3248, Brazil
3249, Brazil
3250, Brazil
3251, Brazil
3252, Brazil
3253, Brazil
3254, Brazil
3255, Brazil
3256, USA
3257, USA
3258, USA
3259, USA
3260, USA
3261, USA
3263, USA
3264, USA
3265, USA
3266, USA
3267, USA
3268, USA
3269, United Kingdom
3270, United Kingdom
3271, United Kingdom
3272, United Kingdom
3273, United Kingdom
3274, United Kingdom
3275, United Kingdom
3276, United Kingdom
3277, China
3278, China
3279, China
3280, China
3281, China
3282, China
3283, China
3284, China
3286, USA
3287, USA
3288, USA
3289, USA
3291, USA
3292, USA
3293, USA
3294, USA
3295, USA
3296, Brazil
3297, Brazil
3298, Brazil
3299, Brazil
3300, Brazil
3301, Brazil
3302, Brazil
3303, Brazil
3304, Brazil
3305, Brazil
3306, Brazil
3307, Brazil
3308, USA
3309, USA
3310, USA
3311, USA
3312, USA
3313, USA
3314, USA
3315, USA
3316, USA
3317, USA
3318, USA
3319, USA
3320, USA
3321, USA
3322, USA
3323, USA
3324, USA
3325, USA
3326, USA
3327, USA
3328, USA
3329, USA
3330, USA
3331, USA
3332, USA
3333, USA
3334, USA
3335, USA
3336, USA
3337, USA
3338, USA
3339, USA
3340, USA
3341, USA
3342, Singapore
3343, Singapore
3344, Singapore
3345, Singapore
3346, Singapore
3347, Singapore
3348, Singapore
3349, Singapore
3350, Singapore
3351, Singapore
3352, USA
3354, USA
3355, USA
3356, USA
3357, USA
3358, USA
3359, USA
3360, USA
3361, USA
3362, USA
3363, USA
3364, USA
3365, USA
3366, USA
3367, USA
3368, USA
3369, USA
3370, USA
3371, USA
3372, USA
3373, Australia
3374, Australia
3375, Australia
3376, Australia
3378, Australia
3379, Australia
3380, Australia
3381, Australia
3382, Australia
3383, USA
3385, USA
3388, USA
3389, USA
3390, USA
3391, USA
3392, USA
3393, USA
3394, USA
3395, USA
3396, USA
3397, USA
3398, USA
3399, USA
3400, USA
3401, USA
3402, USA
3403, USA
3404, USA
3405, Brazil
3406, Brazil
3407, Brazil
3408, Brazil
3409, Brazil
3410, Brazil
3411, Brazil
3412, Brazil
3413, Brazil
3414, Brazil
3415, Brazil
3416, USA
3418, USA
3419, USA
3420, USA
3421, USA
3422, USA
3423, USA
3425, USA
3426, USA
3427, USA
3428, United Kingdom
3429, United Kingdom
3430, United Kingdom
3431, United Kingdom
3432, United Kingdom
3433, United Kingdom
3434, United Kingdom
3436, United Kingdom
3437, United Kingdom
3438, United Kingdom
3439, USA
3440, USA
3441, USA
3442, USA
3443, USA
3444, USA
3445, USA
3446, USA
3447, USA
3448, USA
3449, USA
3450, USA
3451, Brazil
3452, Brazil
3453, Brazil
3454, Brazil
3455, Brazil
3456, Brazil
3457, Brazil
3458, Brazil
3459, Brazil
3460, Brazil
3461, Canada
3462, Canada
3463, Canada
3464, Canada
3465, Canada
3466, Canada
3467, Canada
3468, Canada
3469, Canada
3470, Canada
3471, Canada
3472, Canada
3473, Canada
3474, Brazil
3475, Brazil
3476, Brazil
3477, Brazil
3478, Brazil
3479, Brazil
3480, Brazil
3481, Brazil
3482, Brazil
3483, Brazil
3484, Brazil
3485, USA
3486, USA
3487, USA
3488, USA
3489, USA
3490, USA
3491, USA
3492, USA
3493, USA
3494, USA
3495, USA
3496, USA
3497, USA
3498, USA
3499, USA
3500, USA
3501, USA
3502, USA
3503, USA
3504, USA
3505, USA
3506, USA
3507, USA
3508, USA
3509, USA
3510, USA
3511, USA
3512, USA
3513, USA
3514, USA
3515, USA
3516, USA
3517, USA
3518, USA
3519, USA
3520, USA
3521, Brazil
3522, Brazil
3523, Brazil
3524, Brazil
3525, Brazil
3526, Brazil
3528, Brazil
3529, Brazil
3530, Brazil
3531, Brazil
3532, Brazil
3533, USA
3534, USA
3535, USA
3537, USA
3538, USA
3539, USA
3540, USA
3541, USA
3543, USA
3544, USA
3545, USA
3546, USA
3547, USA
3548, USA
3549, USA
3550, USA
3551, USA
3552, USA
3553, USA
3554, USA
3555, USA
3556, Canada
3557, Canada
3558, Canada
3560, Canada
3561, Canada
3562, Canada
3563, Canada
3564, Canada
3565, Canada
3566, Canada
3567, Brazil
3568, Brazil
3569, Brazil
3570, Brazil
3571, Brazil
3572, Brazil
3573, Brazil
3574, Brazil
3575, Brazil
3576, Brazil
3577, Brazil
3578, Brazil
3579, USA
3580, USA
3581, USA
3582, USA
3583, USA
3584, USA
3585, USA
3586, USA
3587, USA
3588, USA
3589, USA
3590, USA
3591, Brazil
3592, Brazil
3593, Brazil
3594, Brazil
3595, Brazil
3596, Brazil
3597, Brazil
3598, Brazil
3599, Brazil
3600, Brazil
3601, Brazil
3602, Brazil
3603, Brazil
3604, USA
3605, USA
3606, USA
3607, USA
3608, USA
3609, USA
3611, USA
3612, USA
3613, USA
3614, USA
3615, USA
3616, USA
3617, USA
3618, USA
3619, USA
3620, USA
3621, USA
3622, USA
3623, USA
3624, USA
3625, USA
3626, USA
3627, USA
3629, USA
3630, USA
3631, USA
3632, USA
3633, USA
3634, USA
3635, USA
3636, USA
3637, USA
3638, Sweden
3639, Sweden
3640, Sweden
3641, Sweden
3642, Sweden
3643, Sweden
3644, Sweden
3645, Sweden
3646, Sweden
3647, Sweden
3648, Sweden
3649, Sweden
3650, Sweden
3651, Canada
3652, Canada
3653, Canada
3654, Canada
3655, Canada
3656, Canada
3657, Canada
3658, Canada
3659, Canada
3660, Canada
3661, Canada
3662, Canada
3663, Japan
3664, Japan
3665, Japan
3666, Japan
3667, Japan
3668, Japan
3669, Japan
3670, Japan
3671, Japan
3672, Japan
3674, USA
3675, USA
3676, USA
3677, USA
3678, USA
3679, USA
3680, USA
3681, USA
3682, USA
3683, USA
3684, USA
3685, United Kingdom
3686, United Kingdom
3687, United Kingdom
3688, United Kingdom
3689, United Kingdom
3690, United Kingdom
3691, United Kingdom
3692, United Kingdom
3693, United Kingdom
3694, United Kingdom
3695, United Kingdom
3696, USA
3697, USA
3698, USA
3699, USA
3700, USA
3701, USA
3702, USA
3703, USA
3704, USA
3705, USA
3706, USA
3707, USA
3708, USA
3709, USA
3710, USA
3711, USA
3712, USA
3713, USA
3714, USA
3715, USA
3716, USA
3717, USA
3718, Brazil
3719, Brazil
3720, Brazil
3721, Brazil
3722, Brazil
3723, Brazil
3724, Brazil
3725, Brazil
3726, Brazil
3727, Brazil
3728, USA
3729, USA
3730, USA
3731, USA
3732, USA
3733, USA
3734, USA
3735, USA
3736, USA
3737, USA
3738, USA
3739, USA
3740, USA
3741, USA
3742, USA
3743, USA
3744, USA
3745, USA
3746, USA
3747, USA
3748, USA
3749, USA
3750, USA
3751, Australia
3752, Australia
3753, Australia
3754, Australia
3755, Australia
3756, Australia
3757, Australia
3758, Australia
3759, Australia
3760, USA
3761, USA
3762, USA
3763, USA
3764, USA
3765, USA
3766, USA
3767, USA
3768, USA
3769, USA
3770, USA
3771, Canada
3772, Canada
3773, Canada
3774, Canada
3775, Canada
3776, Canada
3777, Canada
3778, Canada
3779, Canada
3780, Canada
3781, Canada
3782, Canada
3783, China
3784, China
3785, China
3786, China
3787, China
3788, China
3789, China
3790, China
3791, Brazil
3792, Brazil
3793, Brazil
3794, Brazil
3795, Brazil
3796, Brazil
3797, Brazil
3798, Brazil
3799, Brazil
3800, Brazil
3801, Brazil
3802, Brazil
3803, USA
3804, USA
3805, USA
3806, USA
3807, USA
3808, USA
3809, USA
3810, USA
3811, USA
3812, USA
3813, United Kingdom
3814, United Kingdom
3815, United Kingdom
3816, United Kingdom
3817, United Kingdom
3818, United Kingdom
3819, United Kingdom
3820, United Kingdom
3821, United Kingdom
3822, United Kingdom
3823, United Kingdom
3824, Canada
3825, Canada
3826, Canada
3827, Canada
3828, Canada
3829, Canada
3830, Canada
3831, Canada
3832, Canada
3833, Canada
3834, Canada
3835, Canada
3836, USA
3837, USA
3838, USA
3839, USA
3840, USA
3841, USA
3842, USA
3843, USA
3844, USA
3845, USA
3846, USA
3847, USA
3848, USA
3849, USA
3850, USA
3851, USA
3852, USA
3853, USA
3854, Canada
3855, Canada
3856, Canada
3857, Canada
3858, Canada
3859, Canada
3860, Canada
3861, Canada
3862, Canada
3863, USA
3864, USA
3865, USA
3866, USA
3867, USA
3868, USA
3869, USA
3870, USA
3871, USA
3872, USA
3873, USA
3874, USA
3875, USA
3876, USA
3877, USA
3878, USA
3879, USA
3880, USA
3881, USA
3882, USA
3883, USA
3884, USA
3885, Brazil
3886, Brazil
3887, Brazil
3888, Brazil
3889, Brazil
3890, Brazil
3891, Brazil
3892, Brazil
3893, Brazil
3894, Brazil
3895, USA
3896, USA
3897, USA
3898, USA
3899, USA
3900, USA
3901, USA
3902, USA
3903, USA
3904, USA
3905, USA
3906, USA
3907, USA
3908, USA
3909, USA
3910, USA
3911, USA
3912, USA
3913, USA
3914, USA
3915, USA
3916, USA
3917, USA
3918, USA
3919, USA
3920, USA
3921, USA
3922, USA
3923, USA
3924, USA
3925, USA
3926, USA
3927, USA
3928, USA
3929, USA
3930, USA
3931, USA
3932, USA
3933, USA
3934, USA
3935, USA
3936, USA
3937, USA
3938, USA
3939, USA
3940, USA
3941, USA
3942, USA
3943, USA
3944, USA
3945, USA
3946, USA
3947, USA
3948, USA
3949, USA
3950, USA
3951, USA
3952, USA
3953, USA
3954, USA
3955, USA
3956, USA
3957, USA
3958, USA
3959, USA
3960, USA
3961, USA
3962, USA
3963, USA
3964, USA
3965, USA
3966, USA
3967, USA
3968, USA
3969, USA
3970, USA
3971, USA
3972, USA
3973, USA
3974, USA
3975, USA
3976, USA
3977, Sweden
3978, Sweden
3979, Sweden
3980, Sweden
3981, Sweden
3982, Sweden
3983, Sweden
3984, Sweden
3985, Sweden
3986, Sweden
3987, Sweden
3988, Sweden
3989, Australia
3990, Australia
3991, Australia
3992, Australia
3993, Australia
3994, Australia
3995, Australia
3996, Australia
3997, Australia
3998, Australia
3999, Japan
4000, Japan
4001, Japan
4002, Japan
4003, Japan
4004, Japan
4005, Japan
4006, Japan
4007, Japan
4008, Japan
4009, Japan
4010, Japan
4011, USA
4012, USA
4013, USA
4014, USA
4015, USA
4016, USA
4017, USA
4018, USA
4019, USA
4020, USA
4021, USA
4022, USA
4023, USA
4024, USA
4025, USA
4026, USA
4027, USA
4028, USA
4029, USA
4030, USA
4031, USA
4032, USA
4033, USA
4034, USA
4035, USA
4036, USA
4037, USA
4038, USA
4039, USA
4040, USA
4041, USA
4042, USA
4043, USA
4044, USA
4045, USA
4046, USA
4047, USA
4048, USA
4049, USA
4050, USA
4051, Brazil
4052, Brazil
4053, Brazil
4054, Brazil
4055, Brazil
4056, Brazil
4057, Brazil
4058, Brazil
4059, Brazil
4060, Brazil
4061, USA
4062, USA
4063, USA
4064, USA
4065, USA
4066, USA
4067, USA
4068, USA
4069, USA
4070, USA
4071, Canada
4072, Canada
4073, Canada
4074, Canada
4075, Canada
4076, Canada
4077, Canada
4078, Canada
4079, Canada
4080, Canada
4081, Canada
4082, Canada
4083, USA
4084, USA
4085, USA
4086, USA
4087, USA
4088, USA
4089, USA
4090, USA
4091, USA
4092, USA
4093, USA
4094, USA
4095, USA
4096, USA
4097, USA
4098, USA
4099, USA
4100, USA
4101, USA
4102, USA
4103, USA
4104, USA
4105, USA
4106, USA
4107, USA
4108, USA
4109, USA
4110, USA
4111, USA
4112, USA
4113, USA
4114, United Kingdom
4115, United Kingdom
4116, United Kingdom
4117, United Kingdom
4118, United Kingdom
4119, United Kingdom
4120, United Kingdom
4121, United Kingdom
4122, United Kingdom
4123, United Kingdom
4124, USA
4125, USA
4126, USA
4127, USA
4128, USA
4129, USA
4130, USA
4131, USA
4132, USA
4133, USA
4134, USA
4135, USA
4136, USA
4137, USA
4138, USA
4139, USA
4140, USA
4141, USA
4142, USA
4143, USA
4144, USA
4145, USA
4146, USA
4147, USA
4148, USA
4149, USA
4150, USA
4151, USA
4152, USA
4153, USA
4154, USA
4155, USA
4156, USA
4157, USA
4158, USA
4159, USA
4160, USA
4161, USA
4162, USA
4163, USA
4164, USA
4165, USA
4166, USA
4167, USA
4168, USA
4169, USA
4170, USA
4171, USA
4172, USA
4173, USA
4174, USA
4175, USA
4176, USA
4177, USA
4178, Brazil
4179, Brazil
4180, Brazil
4181, Brazil
4182, Brazil
4183, Brazil
4184, Brazil
4185, Brazil
4186, Brazil
4187, Brazil
4188, Brazil
4189, Brazil
4190, USA
4191, USA
4192, USA
4193, USA
4194, USA
4195, USA
4196, USA
4197, USA
4198, USA
4199, USA
4200, USA
4201, USA
4202, USA
4203, USA
4204, USA
4205, USA
4206, USA
4207, USA
4208, USA
4209, USA
4210, USA
4211, USA
4212, USA
4213, USA
4214, USA
4215, USA
4216, USA
4217, USA
4218, USA
4219, USA
4220, USA
4221, USA
4222, USA
4223, USA
4224, USA
4225, USA
4226, USA
4227, USA
4228, USA
4229, USA
4230, USA
4231, USA
4232, USA
4233, USA
4234, Canada
4235, Canada
4236, Canada
4237, Canada
4238, Canada
4239, Canada
4240, Canada
4241, Canada
4242, Canada
4243, Canada
4244, Canada
4245, Canada
4246, USA
4247, USA
4248, USA
4249, USA
4250, USA
4251, USA
4252, USA
4253, USA
4254, USA
4255, USA
4256, USA
4257, USA
4258, USA
4259, USA
4260, USA
4261, USA
4262, USA
4263, USA
4264, USA
4265, USA
4266, USA
4267, Canada
4268, Canada
4269, Canada
4270, Canada
4271, Canada
4272, Canada
4273, Canada
4274, Canada
4275, Canada
4276, Canada
4277, Canada
4278, Canada
4279, USA
4280, USA
4281, USA
4282, USA
4283, USA
4284, USA
4285, USA
4286, USA
4287, USA
4288, USA
4289, USA
4290, USA
4291, USA
4292, USA
4293, USA
4294, USA
4295, USA
4296, USA
4297, USA
4298, USA
4299, USA
4300, USA
4301, USA
4302, USA
4303, USA
4304, USA
4305, USA
4306, USA
4307, USA
4308, USA
4309, USA
4310, USA
4311, USA
4312, USA
4313, USA
4314, Australia
4315, Australia
4316, Australia
4317, Australia
4318, Australia
4319, Australia
4320, Australia
4321, Australia
4322, Australia
4323, Australia
4324, Australia
4325, USA
4326, USA
4327, USA
4328, USA
4329, USA
4330, USA
4331, USA
4332, USA
4333, USA
4334, USA
4335, USA
4336, USA
4337, USA
4338, USA
4339, USA
4340, USA
4341, USA
4342, USA
4343, USA
4344, USA
4345, USA
4346, USA
4347, USA
4348, USA
4349, USA
4350, USA
4351, USA
4352, USA
4353, USA
4354, USA
4355, USA
4356, Canada
4357, Canada
4358, Canada
4359, Canada
4360, Canada
4361, Canada
4362, Canada
4363, Canada
4364, Canada
4365, Canada
4366, USA
4367, USA
4368, USA
4369, USA
4370, USA
4371, USA
4372, USA
4373, USA
4374, USA
4375, USA
4376, USA
4377, USA
4378, USA
4379, USA
4380, USA
4381, USA
4382, USA
4383, USA
4384, USA
4385, USA
4386, USA
4387, USA
4388, Germany
4389, Germany
4390, Germany
4391, Germany
4392, Germany
4393, Germany
4394, Germany
4395, Germany
4396, Germany
4397, Germany
4398, USA
4399, USA
4400, USA
4401, USA
4402, USA
4403, USA
4404, USA
4405, USA
4406, USA
4407, USA
4408, USA
4409, United Kingdom
4410, United Kingdom
4411, United Kingdom
4412, United Kingdom
4413, United Kingdom
4414, United Kingdom
4415, United Kingdom
4416, United Kingdom
4417, United Kingdom
4418, USA
4419, USA
4420, USA
4421, USA
4422, USA
4423, USA
4424, USA
4425, USA
4426, USA
4427, USA
4428, USA
4429, USA
4430, USA
4431, USA
4432, USA
4433, USA
4434, USA
4435, USA
4436, USA
4437, USA
4438, USA
4439, USA
4440, USA
4441, USA
4442, USA
4443, USA
4444, USA
4445, USA
4446, USA
4447, USA
4448, USA
4449, USA
4450, USA
4451, USA
4452, USA
4453, USA
4454, USA
4455, USA
4456, USA
4457, USA
4458, USA
4459, USA
4460, USA
4461, USA
4462, USA
4463, USA
4464, USA
4465, USA
4466, USA
4467, USA
4468, USA
4469, USA
4470, USA
4471, USA
4472, USA
4473, USA
4474, USA
4475, USA
4476, USA
4477, USA
4478, USA
4479, USA
4480, USA
4481, USA
4482, USA
4483, USA
4484, USA
4485, USA
4486, USA
4487, USA
4488, USA
4489, USA
4490, USA
4491, Canada
4492, Canada
4493, Canada
4494, Canada
4495, Canada
4496, Canada
4497, Canada
4498, Canada
4499, Canada
4500, Canada
4501, Canada
4502, USA
4503, USA
4504, USA
4505, USA
4506, USA
4507, USA
4508, USA
4509, USA
4510, USA
4511, USA
4512, USA
4513, Canada
4514, Canada
4515, Canada
4516, Canada
4517, Canada
4518, Canada
4519, Canada
4520, Canada
4521, Canada
4522, Canada
4523, Canada
4524, United Arab Emirates
4525, United Arab Emirates
4526, United Arab Emirates
4527, United Arab Emirates
4528, United Arab Emirates
4529, United Arab Emirates
4530, United Arab Emirates
4531, United Arab Emirates
4532, United Arab Emirates
4533, United Arab Emirates
4534, USA
4535, USA
4536, USA
4537, USA
4538, USA
4539, USA
4540, USA
4541, USA
4542, USA
4543, USA
4544, USA
4545, USA
4546, USA
4547, USA
4548, USA
4549, USA
4550, USA
4551, USA
4552, USA
4553, USA
4554, USA
4555, USA
4556, USA
4557, USA
4558, USA
4559, USA
4560, USA
4561, USA
4562, USA
4563, USA
4564, USA
4565, USA
